year,annual,cumulative,n_colleges,case,geo
2003,0.004001621689585007,0.004001621689585007,1136,cyber,US
2004,0.017767502728447748,0.017767502728447748,1136,cyber,US
2005,0.03432428014292053,0.03439784218023867,1130,cyber,US
2006,0.05432526991052281,0.05869629520076906,1116,cyber,US
2007,0.07212396905025083,0.08111107630482549,1115,cyber,US
2008,0.09268195912050671,0.11018436215254677,1110,cyber,US
2009,0.10469097801982952,0.1335319142707483,1099,cyber,US
2010,0.1680282758819405,0.19660189978581788,1083,cyber,US
2011,0.16768426933633626,0.21508372595739644,1077,cyber,US
2012,0.20215893603631013,0.24780251153447003,1049,cyber,US
2013,0.2226596551721352,0.28174703520908856,1044,cyber,US
2014,0.2390134372907077,0.30028763776997497,1042,cyber,US
2015,0.2492123405184515,0.3223387804758488,1035,cyber,US
2016,0.2596586129358737,0.3364193017332872,1034,cyber,US
2017,0.28391939838189584,0.3672022516700974,1031,cyber,US
2018,0.3184616716036713,0.40601394627148824,1028,cyber,US
2019,0.34810025019019264,0.4355856081193896,1026,cyber,US
2020,0.4106143595580215,0.5025799202246777,1017,cyber,US
2021,0.4707355006365414,0.5570820154082397,1017,cyber,US
2022,0.48648898198442997,0.5895865045467616,1013,cyber,US
2023,0.5211397957827664,0.6193130114453121,1000,cyber,US
2024,0.5579811991757678,0.6567981798732097,998,cyber,US
2003,0.0,0.0,3,cyber,AK
2004,0.0,0.0,3,cyber,AK
2005,0.0,0.0,3,cyber,AK
2006,0.0,0.0,3,cyber,AK
2007,0.0,0.0,3,cyber,AK
2008,0.0,0.0,3,cyber,AK
2009,0.0,0.0,3,cyber,AK
2010,0.0,0.0,3,cyber,AK
2011,0.0,0.0,3,cyber,AK
2012,0.0,0.0,3,cyber,AK
2013,0.0,0.0,3,cyber,AK
2014,0.0,0.0,2,cyber,AK
2015,0.0,0.0,2,cyber,AK
2016,0.0,0.0,2,cyber,AK
2017,0.0,0.0,2,cyber,AK
2018,0.0,0.0,2,cyber,AK
2019,0.0,0.0,2,cyber,AK
2020,0.0,0.0,2,cyber,AK
2021,0.0,0.0,2,cyber,AK
2022,0.0,0.0,2,cyber,AK
2023,0.0,0.0,2,cyber,AK
2024,0.0,0.0,2,cyber,AK
2003,0.0,0.0,31,cyber,AL
2004,0.0,0.0,27,cyber,AL
2005,0.0,0.0,27,cyber,AL
2006,0.0,0.0,26,cyber,AL
2007,0.0,0.0,26,cyber,AL
2008,0.0,0.0,26,cyber,AL
2009,0.0,0.0,26,cyber,AL
2010,0.0,0.0,26,cyber,AL
2011,0.0,0.0,26,cyber,AL
2012,0.0,0.0,25,cyber,AL
2013,0.0,0.0,25,cyber,AL
2014,0.0,0.0,25,cyber,AL
2015,0.0,0.0,25,cyber,AL
2016,0.0,0.0,25,cyber,AL
2017,0.0,0.0,25,cyber,AL
2018,0.0,0.0,23,cyber,AL
2019,0.0,0.0,23,cyber,AL
2020,0.0,0.0,23,cyber,AL
2021,0.0,0.0,23,cyber,AL
2022,0.0,0.0,23,cyber,AL
2023,0.0,0.0,23,cyber,AL
2024,0.0,0.0,23,cyber,AL
2003,0.0,0.0,26,cyber,AR
2004,0.0,0.0,26,cyber,AR
2005,0.0,0.0,25,cyber,AR
2006,0.0,0.0,25,cyber,AR
2007,0.0,0.0,25,cyber,AR
2008,0.029662645047260433,0.029662645047260433,25,cyber,AR
2009,0.05631868131868132,0.05631868131868132,25,cyber,AR
2010,0.04727875600274411,0.07226160530528242,25,cyber,AR
2011,0.04491561632129887,0.06836146122623371,25,cyber,AR
2012,0.04781937270355184,0.08142073592843069,25,cyber,AR
2013,0.04737516005121639,0.08824583866837388,25,cyber,AR
2014,0.03137012956195719,0.0767880024678468,25,cyber,AR
2015,0.0339846282063154,0.07519214742105751,25,cyber,AR
2016,0.04164925477085945,0.07754097599479964,25,cyber,AR
2017,0.0,0.07208068447970939,25,cyber,AR
2018,0.08532375443179697,0.1279156559059526,25,cyber,AR
2019,0.27339043481824515,0.3177328798000082,25,cyber,AR
2020,0.29411289018275916,0.3838751415170629,25,cyber,AR
2021,0.3845535336436733,0.43228946254760897,25,cyber,AR
2022,0.4084968580130306,0.4534484752689001,25,cyber,AR
2023,0.41667636222610044,0.4864843901493116,25,cyber,AR
2024,0.4903151615337622,0.5620799942501886,25,cyber,AR
2003,0.0,0.0,1,cyber,AS
2004,0.0,0.0,1,cyber,AS
2005,0.0,0.0,1,cyber,AS
2006,0.0,0.0,1,cyber,AS
2007,0.0,0.0,1,cyber,AS
2008,0.0,0.0,1,cyber,AS
2009,0.0,0.0,1,cyber,AS
2010,0.0,0.0,1,cyber,AS
2011,0.0,0.0,1,cyber,AS
2012,0.0,0.0,1,cyber,AS
2013,0.0,0.0,1,cyber,AS
2014,0.0,0.0,1,cyber,AS
2015,0.0,0.0,1,cyber,AS
2016,0.0,0.0,1,cyber,AS
2017,0.0,0.0,1,cyber,AS
2018,0.0,0.0,1,cyber,AS
2019,0.0,0.0,1,cyber,AS
2020,0.0,0.0,1,cyber,AS
2021,0.0,0.0,1,cyber,AS
2022,0.0,0.0,1,cyber,AS
2023,0.0,0.0,1,cyber,AS
2024,0.0,0.0,1,cyber,AS
2003,0.0,0.0,21,cyber,AZ
2004,0.0,0.0,21,cyber,AZ
2005,0.0,0.0,21,cyber,AZ
2006,0.06669297553275454,0.06669297553275454,21,cyber,AZ
2007,0.11036496350364963,0.11036496350364963,21,cyber,AZ
2008,0.05732284560768481,0.10169845468467215,21,cyber,AZ
2009,0.11687746771063375,0.15344977581476277,21,cyber,AZ
2010,0.12386125919427762,0.1638437141507524,21,cyber,AZ
2011,0.21017512247311224,0.27265048707697503,21,cyber,AZ
2012,0.22168381293176284,0.26782963073405897,21,cyber,AZ
2013,0.2349912975265364,0.28441154119579337,21,cyber,AZ
2014,0.23771787070449774,0.2945588339347626,21,cyber,AZ
2015,0.27726402693540575,0.3362082881719438,21,cyber,AZ
2016,0.2853170566293659,0.3464677291737312,21,cyber,AZ
2017,0.28896385316372664,0.346756623796472,21,cyber,AZ
2018,0.3061289806369019,0.366938710193631,21,cyber,AZ
2019,0.332991289278059,0.40046517991517305,21,cyber,AZ
2020,0.38914674979794484,0.4507100796674749,21,cyber,AZ
2021,0.747397138243973,0.747397138243973,21,cyber,AZ
2022,0.8575831178667502,0.926767478910392,21,cyber,AZ
2023,0.8676109154483492,0.9667823751488586,21,cyber,AZ
2024,0.9639865996649917,0.9930573922242792,21,cyber,AZ
2003,0.0,0.0,112,cyber,CA
2004,0.0,0.0,113,cyber,CA
2005,0.0,0.0,113,cyber,CA
2006,0.0,0.0,113,cyber,CA
2007,0.0,0.0,113,cyber,CA
2008,0.0,0.0,112,cyber,CA
2009,0.0,0.0,113,cyber,CA
2010,0.2047425411641483,0.2047425411641483,115,cyber,CA
2011,0.18352136254458112,0.2350098260426523,115,cyber,CA
2012,0.2414974953862378,0.29120818127575726,114,cyber,CA
2013,0.231904060279389,0.3156212892677074,114,cyber,CA
2014,0.22850080378904428,0.3157709748607054,115,cyber,CA
2015,0.22996416225302083,0.33548994111615027,115,cyber,CA
2016,0.21286924486487005,0.32924313796974086,116,cyber,CA
2017,0.22155573619659302,0.35314479173180163,116,cyber,CA
2018,0.230658022207318,0.3760526119681049,116,cyber,CA
2019,0.28657339106006985,0.39570135092134573,116,cyber,CA
2020,0.3854050456695141,0.5016123380026299,116,cyber,CA
2021,0.43686453205136444,0.546557065182462,117,cyber,CA
2022,0.4168187064824813,0.555761378163359,117,cyber,CA
2023,0.46357809141223044,0.600923395163199,117,cyber,CA
2024,0.537128229410198,0.6466011659909443,117,cyber,CA
2003,0.0,0.0,15,cyber,CO
2004,0.0,0.0,15,cyber,CO
2005,0.058933437135072014,0.058933437135072014,15,cyber,CO
2006,0.05585209251953276,0.05585209251953276,15,cyber,CO
2007,0.0,0.062037363412054986,15,cyber,CO
2008,0.06192273712954783,0.06192273712954783,15,cyber,CO
2009,0.0,0.051923076923076926,15,cyber,CO
2010,0.0,0.05605849582172702,15,cyber,CO
2011,0.0,0.054033092037228544,15,cyber,CO
2012,0.0,0.05625828213468257,15,cyber,CO
2013,0.0,0.06107119529719138,15,cyber,CO
2014,0.0,0.06136053734659866,15,cyber,CO
2015,0.0,0.06563428900182185,15,cyber,CO
2016,0.0,0.05900719489569664,15,cyber,CO
2017,0.057276761644062875,0.057276761644062875,15,cyber,CO
2018,0.05474177285538486,0.05474177285538486,15,cyber,CO
2019,0.221008037375777,0.221008037375777,15,cyber,CO
2020,0.1570000404743595,0.20965718217509208,15,cyber,CO
2021,0.28149884976110423,0.3454698283489648,15,cyber,CO
2022,0.2882947330769919,0.35558436913171776,15,cyber,CO
2023,0.403673815150029,0.4822774087119354,15,cyber,CO
2024,0.9063025917199596,0.9063025917199596,15,cyber,CO
2003,0.0,0.0,12,cyber,CT
2004,0.0,0.0,12,cyber,CT
2005,0.0,0.0,12,cyber,CT
2006,0.0,0.0,12,cyber,CT
2007,0.0,0.0,12,cyber,CT
2008,0.0,0.0,12,cyber,CT
2009,0.0,0.0,12,cyber,CT
2010,0.0,0.0,13,cyber,CT
2011,0.0,0.0,14,cyber,CT
2012,0.25233091608702085,0.25233091608702085,14,cyber,CT
2013,0.09056654555241556,0.25353249899071456,14,cyber,CT
2014,0.09947375176485689,0.2706969580284944,14,cyber,CT
2015,0.09574901534700529,0.2632079315496401,14,cyber,CT
2016,0.32609812483945544,0.32609812483945544,14,cyber,CT
2017,0.3124479021950542,0.3124479021950542,14,cyber,CT
2018,0.4503937007874016,0.4503937007874016,14,cyber,CT
2019,0.4365753424657534,0.4365753424657534,14,cyber,CT
2020,0.22606858443035918,0.45766292865268976,14,cyber,CT
2021,0.37674106393690215,0.47826816579963083,14,cyber,CT
2022,0.36655314572504033,0.4604767879548306,14,cyber,CT
2023,0.9950310559006211,0.9950310559006211,3,cyber,CT
2024,1.0,1.0,1,cyber,CT
2003,0.0,0.0,3,cyber,DE
2004,0.0,0.0,3,cyber,DE
2005,0.0,0.0,3,cyber,DE
2006,0.0,0.0,3,cyber,DE
2007,0.0,0.0,3,cyber,DE
2008,0.0,0.0,3,cyber,DE
2009,0.0,0.0,3,cyber,DE
2010,0.0,0.0,3,cyber,DE
2011,0.0,0.0,3,cyber,DE
2012,0.0,0.0,3,cyber,DE
2013,1.0,1.0,3,cyber,DE
2014,1.0,1.0,3,cyber,DE
2015,1.0,1.0,1,cyber,DE
2016,1.0,1.0,1,cyber,DE
2017,1.0,1.0,1,cyber,DE
2018,1.0,1.0,1,cyber,DE
2019,1.0,1.0,1,cyber,DE
2020,1.0,1.0,1,cyber,DE
2021,0.0,1.0,1,cyber,DE
2022,0.0,1.0,1,cyber,DE
2023,0.0,1.0,1,cyber,DE
2024,0.0,1.0,1,cyber,DE
2003,0.0,0.0,28,cyber,FL
2004,0.0,0.0,28,cyber,FL
2005,0.0,0.0,28,cyber,FL
2006,0.0,0.0,28,cyber,FL
2007,0.0,0.0,28,cyber,FL
2008,0.0,0.0,28,cyber,FL
2009,0.0,0.0,28,cyber,FL
2010,0.0,0.0,28,cyber,FL
2011,0.0,0.0,28,cyber,FL
2012,0.0,0.0,28,cyber,FL
2013,0.22930154293699911,0.22930154293699911,28,cyber,FL
2014,0.22386825737110777,0.22386825737110777,29,cyber,FL
2015,0.16189135174418604,0.23551962209302327,29,cyber,FL
2016,0.19797669021980027,0.26775828053433454,29,cyber,FL
2017,0.2072752351984155,0.26445674471245667,28,cyber,FL
2018,0.3414805033819289,0.4054542024845725,28,cyber,FL
2019,0.3376786874593892,0.38412118258609484,28,cyber,FL
2020,0.5234434164169767,0.5350004938921998,28,cyber,FL
2021,0.5234237516764476,0.5596582760304822,28,cyber,FL
2022,0.5457373781184576,0.5620104928643518,28,cyber,FL
2023,0.5419124451964514,0.5588793433857141,28,cyber,FL
2024,0.580455761471292,0.5971693698625299,28,cyber,FL
2003,0.0,0.0,4,cyber,FM
2004,0.0,0.0,4,cyber,FM
2005,0.0,0.0,1,cyber,FM
2006,0.0,0.0,1,cyber,FM
2007,0.0,0.0,1,cyber,FM
2008,0.0,0.0,1,cyber,FM
2009,0.0,0.0,1,cyber,FM
2010,0.0,0.0,1,cyber,FM
2011,0.0,0.0,1,cyber,FM
2012,0.0,0.0,1,cyber,FM
2013,0.0,0.0,1,cyber,FM
2014,0.0,0.0,1,cyber,FM
2015,0.0,0.0,1,cyber,FM
2016,0.0,0.0,1,cyber,FM
2017,0.0,0.0,1,cyber,FM
2018,0.0,0.0,1,cyber,FM
2019,0.0,0.0,1,cyber,FM
2020,0.0,0.0,1,cyber,FM
2021,0.0,0.0,1,cyber,FM
2022,0.0,0.0,1,cyber,FM
2023,0.0,0.0,1,cyber,FM
2024,0.0,0.0,1,cyber,FM
2003,0.041879588839941265,0.041879588839941265,50,cyber,GA
2004,0.06843681917211329,0.06843681917211329,51,cyber,GA
2005,0.1303927208074047,0.1303927208074047,51,cyber,GA
2006,0.36039101317779215,0.36039101317779215,50,cyber,GA
2007,0.3029631175335177,0.40385518284730554,49,cyber,GA
2008,0.23390840263125232,0.39600347523892265,48,cyber,GA
2009,0.1837998342694043,0.4385415707577571,43,cyber,GA
2010,0.30423447289853245,0.4850510912072663,41,cyber,GA
2011,0.15970685339041468,0.5301128324202735,40,cyber,GA
2012,0.468972092217022,0.6751170046801872,34,cyber,GA
2013,0.17310692978430472,0.5883203304268013,34,cyber,GA
2014,0.17679081192325566,0.5796100820996261,31,cyber,GA
2015,0.1979001019367992,0.5788175331294597,29,cyber,GA
2016,0.2693344818546122,0.5753342571439272,29,cyber,GA
2017,0.3221361210614811,0.5941589297463264,29,cyber,GA
2018,0.41767090888613584,0.625239328753238,29,cyber,GA
2019,0.4647060909026448,0.6636885768985322,29,cyber,GA
2020,0.5825648440392855,0.7710048842417082,29,cyber,GA
2021,0.7126360591682948,0.8920073960368406,29,cyber,GA
2022,0.7914524243932106,0.8990435119146348,29,cyber,GA
2023,0.8894493707853236,0.9299102638984761,29,cyber,GA
2024,0.8787663304117744,0.9363982139904085,29,cyber,GA
2003,0.0,0.0,1,cyber,GU
2004,0.0,0.0,1,cyber,GU
2005,0.0,0.0,1,cyber,GU
2006,0.0,0.0,1,cyber,GU
2007,0.0,0.0,1,cyber,GU
2008,0.0,0.0,1,cyber,GU
2009,0.0,0.0,1,cyber,GU
2010,0.0,0.0,1,cyber,GU
2011,0.0,0.0,1,cyber,GU
2012,0.0,0.0,1,cyber,GU
2013,0.0,0.0,1,cyber,GU
2014,0.0,0.0,1,cyber,GU
2015,0.0,0.0,1,cyber,GU
2016,0.0,0.0,1,cyber,GU
2017,0.0,0.0,1,cyber,GU
2018,0.0,0.0,1,cyber,GU
2019,0.0,0.0,1,cyber,GU
2020,0.0,0.0,1,cyber,GU
2021,0.0,0.0,1,cyber,GU
2022,0.0,0.0,1,cyber,GU
2023,0.0,0.0,1,cyber,GU
2024,0.0,0.0,1,cyber,GU
2003,0.0,0.0,7,cyber,HI
2004,0.0,0.0,7,cyber,HI
2005,0.0,0.0,7,cyber,HI
2006,0.0,0.0,7,cyber,HI
2007,0.0,0.0,7,cyber,HI
2008,0.0,0.0,7,cyber,HI
2009,0.0,0.0,7,cyber,HI
2010,0.0,0.0,7,cyber,HI
2011,0.0,0.0,7,cyber,HI
2012,0.0,0.0,7,cyber,HI
2013,0.0,0.0,7,cyber,HI
2014,0.0,0.0,7,cyber,HI
2015,0.0,0.0,7,cyber,HI
2016,0.0,0.0,7,cyber,HI
2017,0.0,0.0,7,cyber,HI
2018,0.0,0.0,7,cyber,HI
2019,0.0,0.0,7,cyber,HI
2020,0.0,0.0,7,cyber,HI
2021,0.0,0.0,7,cyber,HI
2022,0.0,0.0,7,cyber,HI
2023,0.0,0.0,7,cyber,HI
2024,0.0,0.0,7,cyber,HI
2003,0.0,0.0,16,cyber,IA
2004,0.0,0.0,16,cyber,IA
2005,0.0,0.0,16,cyber,IA
2006,0.0,0.0,16,cyber,IA
2007,0.11613032180691585,0.11613032180691585,16,cyber,IA
2008,0.12363046124712566,0.12363046124712566,16,cyber,IA
2009,0.0819351230425056,0.12220357941834452,16,cyber,IA
2010,0.22484944532488113,0.2667511885895404,16,cyber,IA
2011,0.08295035460992908,0.270241134751773,16,cyber,IA
2012,0.07725846759185409,0.2586802786196629,16,cyber,IA
2013,0.07411040270284998,0.2496866655768078,16,cyber,IA
2014,0.12589570584235577,0.2831215021706156,16,cyber,IA
2015,0.11865554976550287,0.27159979155810315,16,cyber,IA
2016,0.4216078170108816,0.5628469908949589,16,cyber,IA
2017,0.5293809299156051,0.6726948681658542,16,cyber,IA
2018,0.49476763812310115,0.654326544390683,16,cyber,IA
2019,0.44933797127468583,0.6579331238779175,16,cyber,IA
2020,0.4537380154108582,0.6641374036821364,16,cyber,IA
2021,0.5205188679245283,0.7208136792452831,16,cyber,IA
2022,0.5436142385988855,0.7889230069373365,16,cyber,IA
2023,0.48001476481754907,0.7875975532588062,16,cyber,IA
2024,0.5641352578160861,0.7835976947008721,16,cyber,IA
2003,0.0,0.0,3,cyber,ID
2004,0.0,0.0,3,cyber,ID
2005,0.0,0.0,3,cyber,ID
2006,0.0,0.0,3,cyber,ID
2007,0.0,0.0,3,cyber,ID
2008,0.0,0.0,3,cyber,ID
2009,0.0,0.0,4,cyber,ID
2010,0.10634920634920635,0.10634920634920635,4,cyber,ID
2011,0.20434276851492827,0.20434276851492827,4,cyber,ID
2012,0.21033810143042914,0.21033810143042914,4,cyber,ID
2013,0.23111243307555027,0.23111243307555027,4,cyber,ID
2014,0.3474460529909861,0.3474460529909861,4,cyber,ID
2015,0.3774496644295302,0.3774496644295302,4,cyber,ID
2016,0.37834458614653665,0.37834458614653665,4,cyber,ID
2017,0.37613293051359514,0.37613293051359514,4,cyber,ID
2018,0.397005444646098,0.397005444646098,4,cyber,ID
2019,0.7531436135009927,0.7531436135009927,4,cyber,ID
2020,0.7726022373005685,0.7726022373005685,4,cyber,ID
2021,0.770542920029347,0.770542920029347,4,cyber,ID
2022,0.7000630119722747,0.7000630119722747,4,cyber,ID
2023,1.0,1.0,4,cyber,ID
2024,1.0,1.0,4,cyber,ID
2003,0.0,0.0,45,cyber,IL
2004,0.0,0.0,46,cyber,IL
2005,0.0591479195699781,0.0591479195699781,45,cyber,IL
2006,0.10050479035747399,0.10050479035747399,45,cyber,IL
2007,0.1170454999400791,0.1170454999400791,45,cyber,IL
2008,0.14956830372275728,0.20506071663576,45,cyber,IL
2009,0.1487574715073706,0.25242643808498777,45,cyber,IL
2010,0.15614325266980691,0.26552443277839705,45,cyber,IL
2011,0.15746675278647257,0.279144101621371,45,cyber,IL
2012,0.16938465914478051,0.2933693625359502,45,cyber,IL
2013,0.3120413236673266,0.36720901499024966,45,cyber,IL
2014,0.23625686793220732,0.37950231111369515,45,cyber,IL
2015,0.2776000338261617,0.40477230764894084,45,cyber,IL
2016,0.3382792301062913,0.4207124389543235,45,cyber,IL
2017,0.36627153035226634,0.47680290478587883,45,cyber,IL
2018,0.39451034396419515,0.5061813401771462,45,cyber,IL
2019,0.36022745735174655,0.5002924451665313,45,cyber,IL
2020,0.42810878840900024,0.5518310464438101,45,cyber,IL
2021,0.6064469726690205,0.7212795867660521,45,cyber,IL
2022,0.6011956793206793,0.7582105394605395,45,cyber,IL
2023,0.6439499736213263,0.8007323961145766,45,cyber,IL
2024,0.6004910707912806,0.7729939615423049,45,cyber,IL
2003,0.0,0.0,16,cyber,IN
2004,0.0,0.0,16,cyber,IN
2005,0.0,0.0,16,cyber,IN
2006,0.0,0.0,16,cyber,IN
2007,0.0,0.0,16,cyber,IN
2008,0.0,0.0,16,cyber,IN
2009,0.10395074397126731,0.10395074397126731,16,cyber,IN
2010,0.18037597432370472,0.23053645116918844,16,cyber,IN
2011,0.22762299940723177,0.4297569650266746,16,cyber,IN
2012,0.904337180832459,0.904337180832459,3,cyber,IN
2013,0.8959354736675629,0.8959354736675629,2,cyber,IN
2014,0.875302276771456,0.875302276771456,2,cyber,IN
2015,0.8869614364592844,0.8869614364592844,2,cyber,IN
2016,0.8662019037404478,0.8662019037404478,2,cyber,IN
2017,0.863425641025641,0.863425641025641,2,cyber,IN
2018,0.892713811237199,0.892713811237199,2,cyber,IN
2019,0.9002350915532599,0.9002350915532599,2,cyber,IN
2020,0.911923530507107,0.911923530507107,2,cyber,IN
2021,1.0,1.0,2,cyber,IN
2022,1.0,1.0,2,cyber,IN
2023,1.0,1.0,2,cyber,IN
2024,1.0,1.0,2,cyber,IN
2003,0.0,0.0,30,cyber,KS
2004,0.0,0.0,29,cyber,KS
2005,0.0,0.0,29,cyber,KS
2006,0.0,0.0,29,cyber,KS
2007,0.0,0.0,28,cyber,KS
2008,0.12199426428413854,0.12199426428413854,27,cyber,KS
2009,0.11341779880934208,0.11341779880934208,26,cyber,KS
2010,0.11497772828507795,0.11497772828507795,26,cyber,KS
2011,0.106891531181752,0.106891531181752,26,cyber,KS
2012,0.10375931098696461,0.10375931098696461,26,cyber,KS
2013,0.06967030519046558,0.10609267097349076,26,cyber,KS
2014,0.1080557927697125,0.1080557927697125,26,cyber,KS
2015,0.07225645954655963,0.10753660880872958,26,cyber,KS
2016,0.11669349275695562,0.11669349275695562,26,cyber,KS
2017,0.08053841839596186,0.12041503084688727,26,cyber,KS
2018,0.07937181663837012,0.12017190152801359,26,cyber,KS
2019,0.07861782281111977,0.12101844634970121,26,cyber,KS
2020,0.07732151439098628,0.12030757729481498,26,cyber,KS
2021,0.12751337651365813,0.12751337651365813,26,cyber,KS
2022,0.11774669435034422,0.11774669435034422,26,cyber,KS
2023,0.11721975437679645,0.11721975437679645,26,cyber,KS
2024,0.11762673379732465,0.11762673379732465,26,cyber,KS
2003,0.0,0.0,26,cyber,KY
2004,0.0,0.0,23,cyber,KY
2005,0.0,0.0,23,cyber,KY
2006,0.0,0.0,16,cyber,KY
2007,0.0,0.0,16,cyber,KY
2008,0.0,0.0,16,cyber,KY
2009,0.0,0.0,16,cyber,KY
2010,0.0,0.0,16,cyber,KY
2011,0.0,0.0,16,cyber,KY
2012,0.0,0.0,16,cyber,KY
2013,0.0,0.0,16,cyber,KY
2014,0.0,0.0,16,cyber,KY
2015,0.0,0.0,16,cyber,KY
2016,0.0,0.0,16,cyber,KY
2017,0.0,0.0,16,cyber,KY
2018,0.0,0.0,16,cyber,KY
2019,0.0,0.0,16,cyber,KY
2020,0.0,0.0,16,cyber,KY
2021,0.0,0.0,16,cyber,KY
2022,0.0,0.0,16,cyber,KY
2023,0.03276553106212425,0.03276553106212425,16,cyber,KY
2024,0.2329293870892566,0.2329293870892566,16,cyber,KY
2003,0.0,0.0,50,cyber,LA
2004,0.0,0.0,50,cyber,LA
2005,0.0,0.0,47,cyber,LA
2006,0.0,0.0,45,cyber,LA
2007,0.0,0.0,41,cyber,LA
2008,0.0,0.0,39,cyber,LA
2009,0.0,0.0,35,cyber,LA
2010,0.034255960537133465,0.034255960537133465,22,cyber,LA
2011,0.04170672188123937,0.04170672188123937,18,cyber,LA
2012,0.04792988375077927,0.04792988375077927,18,cyber,LA
2013,0.052123722241804726,0.052123722241804726,17,cyber,LA
2014,0.17542387107604498,0.17542387107604498,16,cyber,LA
2015,0.17170516897913535,0.17170516897913535,16,cyber,LA
2016,0.1945772274900086,0.1945772274900086,16,cyber,LA
2017,0.21892791451344487,0.21892791451344487,15,cyber,LA
2018,0.21801076484689494,0.21801076484689494,15,cyber,LA
2019,0.21989171481869058,0.21989171481869058,14,cyber,LA
2020,0.2362000684496162,0.2362000684496162,14,cyber,LA
2021,0.2573336252189142,0.2573336252189142,14,cyber,LA
2022,0.2448165421138394,0.2448165421138394,14,cyber,LA
2023,0.22275490535264172,0.22275490535264172,14,cyber,LA
2024,0.21763268011766168,0.21763268011766168,14,cyber,LA
2003,0.0,0.0,16,cyber,MA
2004,0.0,0.0,16,cyber,MA
2005,0.0,0.0,16,cyber,MA
2006,0.07965089572806615,0.07965089572806615,16,cyber,MA
2007,0.07578575413799517,0.07578575413799517,16,cyber,MA
2008,0.15965787598004277,0.15965787598004277,16,cyber,MA
2009,0.16705296591982144,0.2547858185251953,16,cyber,MA
2010,0.24527402700555997,0.3363780778395552,16,cyber,MA
2011,0.16196069573074318,0.33047210300429186,16,cyber,MA
2012,0.4118362673536568,0.4118362673536568,16,cyber,MA
2013,0.2556901743819595,0.41704601162546395,16,cyber,MA
2014,0.3545655855151752,0.5517129086882897,16,cyber,MA
2015,0.3426194621783711,0.5551041465144774,16,cyber,MA
2016,0.3937199657692054,0.6048976367586071,16,cyber,MA
2017,0.5264138389886893,0.6966067864271457,16,cyber,MA
2018,0.5959816852320099,0.6982163602815554,16,cyber,MA
2019,0.5715433496457527,0.7509312687166751,16,cyber,MA
2020,0.5779141104294478,0.754437627811861,16,cyber,MA
2021,0.5766566142309887,0.7611867307849051,16,cyber,MA
2022,0.6495290078351967,0.8286821022977374,16,cyber,MA
2023,0.6481878409976617,0.8255066250974279,16,cyber,MA
2024,0.7395923886796097,0.8354100260793973,16,cyber,MA
2003,0.0,0.0,16,cyber,MD
2004,0.0,0.0,17,cyber,MD
2005,0.0,0.0,16,cyber,MD
2006,0.0,0.0,16,cyber,MD
2007,0.12506051315152494,0.12506051315152494,16,cyber,MD
2008,0.12417166298516882,0.12417166298516882,16,cyber,MD
2009,0.23561095721760542,0.23561095721760542,16,cyber,MD
2010,0.48473904114439487,0.48473904114439487,16,cyber,MD
2011,0.490177736202058,0.490177736202058,16,cyber,MD
2012,0.6419504910688645,0.6419504910688645,16,cyber,MD
2013,0.6852949321517585,0.6852949321517585,16,cyber,MD
2014,0.7082116694841453,0.7082116694841453,16,cyber,MD
2015,0.7313770887859875,0.7313770887859875,16,cyber,MD
2016,0.7888660445990827,0.8048921925246455,16,cyber,MD
2017,0.9436930869120104,0.9436930869120104,16,cyber,MD
2018,0.9563337200717223,0.9736842105263158,16,cyber,MD
2019,0.959186956988094,0.9753298294540385,16,cyber,MD
2020,0.955123911587408,0.9714221924536727,16,cyber,MD
2021,0.9562870448772227,0.9720575783234547,16,cyber,MD
2022,0.9280910211859656,0.9727609012442552,16,cyber,MD
2023,0.9209091430867244,0.9708431383803019,16,cyber,MD
2024,0.9224954939240654,0.9732542589685447,16,cyber,MD
2003,0.0,0.0,7,cyber,ME
2004,0.0,0.0,7,cyber,ME
2005,0.0,0.0,7,cyber,ME
2006,0.0,0.0,7,cyber,ME
2007,0.0,0.0,7,cyber,ME
2008,0.0,0.0,7,cyber,ME
2009,0.0,0.0,7,cyber,ME
2010,0.0,0.0,7,cyber,ME
2011,0.0,0.0,7,cyber,ME
2012,0.0,0.0,7,cyber,ME
2013,0.0,0.0,7,cyber,ME
2014,0.0,0.0,7,cyber,ME
2015,0.0,0.0,7,cyber,ME
2016,0.4985905567300916,0.4985905567300916,7,cyber,ME
2017,0.5823529411764706,0.5823529411764706,7,cyber,ME
2018,0.5705223880597015,0.5705223880597015,7,cyber,ME
2019,0.49653312788906007,0.5781972265023112,7,cyber,ME
2020,0.47029513223457264,0.5527021847451131,7,cyber,ME
2021,0.46515270164447925,0.5595144870790916,7,cyber,ME
2022,0.5004340277777778,0.5842013888888888,7,cyber,ME
2023,0.48819875776397514,0.5677018633540373,7,cyber,ME
2024,0.47155049786628733,0.5956614509246089,7,cyber,ME
2003,0.0,0.0,1,cyber,MH
2004,0.0,0.0,1,cyber,MH
2005,0.0,0.0,1,cyber,MH
2006,0.0,0.0,1,cyber,MH
2007,0.0,0.0,1,cyber,MH
2008,0.0,0.0,1,cyber,MH
2009,0.0,0.0,1,cyber,MH
2010,0.0,0.0,1,cyber,MH
2011,0.0,0.0,1,cyber,MH
2012,0.0,0.0,1,cyber,MH
2013,0.0,0.0,1,cyber,MH
2014,0.0,0.0,1,cyber,MH
2015,0.0,0.0,1,cyber,MH
2016,0.0,0.0,1,cyber,MH
2017,0.0,0.0,1,cyber,MH
2018,0.0,0.0,1,cyber,MH
2019,0.0,0.0,1,cyber,MH
2020,0.0,0.0,1,cyber,MH
2021,0.0,0.0,1,cyber,MH
2022,0.0,0.0,1,cyber,MH
2023,0.0,0.0,1,cyber,MH
2024,0.0,0.0,1,cyber,MH
2003,0.0,0.0,30,cyber,MI
2004,0.07048322560787934,0.07048322560787934,30,cyber,MI
2005,0.06984603830266617,0.06984603830266617,30,cyber,MI
2006,0.15524879360810062,0.15524879360810062,30,cyber,MI
2007,0.15677754278023456,0.15677754278023456,30,cyber,MI
2008,0.22997306110874804,0.22997306110874804,30,cyber,MI
2009,0.34167088607594936,0.34167088607594936,30,cyber,MI
2010,0.4608640058452827,0.4608640058452827,30,cyber,MI
2011,0.4581037003711618,0.4581037003711618,31,cyber,MI
2012,0.4312940129322757,0.4312940129322757,31,cyber,MI
2013,0.4142787008087646,0.4142787008087646,31,cyber,MI
2014,0.416109365347944,0.4904520183708001,31,cyber,MI
2015,0.42614784269227574,0.49331635900700194,31,cyber,MI
2016,0.5291232372777437,0.5291232372777437,31,cyber,MI
2017,0.5509799801902933,0.6072875709097457,31,cyber,MI
2018,0.5947747690549506,0.5947747690549506,31,cyber,MI
2019,0.5078803473785783,0.6246381473142489,31,cyber,MI
2020,0.577238951896754,0.6343371138052405,31,cyber,MI
2021,0.6139973908372343,0.6790346097766864,31,cyber,MI
2022,0.7053303028081238,0.7680181831512575,31,cyber,MI
2023,0.7815777763651389,0.8492149259424067,31,cyber,MI
2024,0.8066289513216351,0.8836577492249177,31,cyber,MI
2003,0.0,0.0,31,cyber,MN
2004,0.0,0.0,31,cyber,MN
2005,0.09768579321588697,0.09768579321588697,31,cyber,MN
2006,0.14325439930480122,0.14325439930480122,31,cyber,MN
2007,0.2382557494559884,0.2532320689508043,31,cyber,MN
2008,0.24179861779371883,0.28763887673869304,31,cyber,MN
2009,0.3363856609042007,0.34886872253931756,31,cyber,MN
2010,0.2878158599541979,0.3654465706633544,31,cyber,MN
2011,0.30789752585608304,0.3567591272886745,31,cyber,MN
2012,0.2647037931524364,0.36521522943599943,31,cyber,MN
2013,0.3042067773898939,0.36506929017243206,31,cyber,MN
2014,0.2935117713004484,0.35180773542600896,31,cyber,MN
2015,0.2902132675236657,0.3487789605510332,31,cyber,MN
2016,0.307760729375139,0.36453932251130383,31,cyber,MN
2017,0.3557737260402057,0.43154901044101607,31,cyber,MN
2018,0.3779633401221996,0.43368635437881875,32,cyber,MN
2019,0.38089094940536183,0.43692803870187463,32,cyber,MN
2020,0.5507839721254355,0.6034843205574912,32,cyber,MN
2021,0.5348592586359238,0.617116169478689,32,cyber,MN
2022,0.5319447888255228,0.6425324406975783,28,cyber,MN
2023,0.516542343132953,0.6491882404563405,28,cyber,MN
2024,0.5745312632561297,0.6667515058963265,28,cyber,MN
2003,0.0,0.0,24,cyber,MO
2004,0.0,0.0,24,cyber,MO
2005,0.0,0.0,24,cyber,MO
2006,0.0,0.0,24,cyber,MO
2007,0.0,0.0,26,cyber,MO
2008,0.0,0.0,26,cyber,MO
2009,0.0,0.0,25,cyber,MO
2010,0.0,0.0,25,cyber,MO
2011,0.0,0.0,22,cyber,MO
2012,0.0,0.0,18,cyber,MO
2013,0.0,0.0,16,cyber,MO
2014,0.0,0.0,16,cyber,MO
2015,0.05461096723341966,0.05461096723341966,16,cyber,MO
2016,0.0,0.055992431857151304,16,cyber,MO
2017,0.0,0.049238190481793044,16,cyber,MO
2018,0.1345164460373432,0.1864269610960171,16,cyber,MO
2019,0.1440312889695046,0.1912481578052375,16,cyber,MO
2020,0.14737351145499608,0.19857341473735116,15,cyber,MO
2021,0.15174174721867592,0.19727643017812632,15,cyber,MO
2022,0.2838923293886811,0.3260776258507572,14,cyber,MO
2023,0.27432474386836386,0.32008692952499224,14,cyber,MO
2024,0.2685578909002551,0.31490705868059776,14,cyber,MO
2003,0.0,0.0,1,cyber,MP
2004,0.0,0.0,1,cyber,MP
2005,0.0,0.0,1,cyber,MP
2006,0.0,0.0,1,cyber,MP
2007,0.0,0.0,1,cyber,MP
2008,0.0,0.0,1,cyber,MP
2009,0.0,0.0,1,cyber,MP
2010,0.0,0.0,1,cyber,MP
2011,0.0,0.0,1,cyber,MP
2012,0.0,0.0,1,cyber,MP
2013,0.0,0.0,1,cyber,MP
2014,0.0,0.0,1,cyber,MP
2015,0.0,0.0,1,cyber,MP
2016,0.0,0.0,1,cyber,MP
2017,0.0,0.0,1,cyber,MP
2018,0.0,0.0,1,cyber,MP
2019,0.0,0.0,1,cyber,MP
2020,0.0,0.0,1,cyber,MP
2021,0.0,0.0,1,cyber,MP
2022,0.0,0.0,1,cyber,MP
2023,0.0,0.0,1,cyber,MP
2024,0.0,0.0,1,cyber,MP
2003,0.0,0.0,15,cyber,MS
2004,0.0,0.0,15,cyber,MS
2005,0.0,0.0,15,cyber,MS
2006,0.0,0.0,15,cyber,MS
2007,0.0,0.0,15,cyber,MS
2008,0.0,0.0,15,cyber,MS
2009,0.0,0.0,15,cyber,MS
2010,0.14255249343832022,0.14255249343832022,15,cyber,MS
2011,0.2875349037015823,0.2875349037015823,15,cyber,MS
2012,0.2688463829505593,0.2688463829505593,15,cyber,MS
2013,0.28357063093244,0.28357063093244,15,cyber,MS
2014,0.3544195693283719,0.3544195693283719,15,cyber,MS
2015,0.38808644656820157,0.38808644656820157,15,cyber,MS
2016,0.3984021169406137,0.3984021169406137,15,cyber,MS
2017,0.4303732303732304,0.4303732303732304,15,cyber,MS
2018,0.41940386312383565,0.41940386312383565,15,cyber,MS
2019,0.42534047888293425,0.42534047888293425,15,cyber,MS
2020,0.461292098283541,0.461292098283541,15,cyber,MS
2021,0.4975936492185562,0.4975936492185562,15,cyber,MS
2022,0.5172608941709111,0.5704584040747029,15,cyber,MS
2023,0.594249684741488,0.594249684741488,15,cyber,MS
2024,0.7100822611263446,0.7377135625395487,15,cyber,MS
2003,0.0,0.0,13,cyber,MT
2004,0.0,0.0,13,cyber,MT
2005,0.0,0.0,13,cyber,MT
2006,0.0,0.0,13,cyber,MT
2007,0.0,0.0,13,cyber,MT
2008,0.0,0.0,13,cyber,MT
2009,0.06320141760189013,0.06320141760189013,13,cyber,MT
2010,0.06186726659167604,0.06186726659167604,13,cyber,MT
2011,0.06724511930585683,0.06724511930585683,12,cyber,MT
2012,0.05916534601162177,0.05916534601162177,12,cyber,MT
2013,0.07465091299677766,0.07465091299677766,12,cyber,MT
2014,0.07292197858235594,0.07292197858235594,12,cyber,MT
2015,0.0,0.06376360808709176,12,cyber,MT
2016,0.06229685807150596,0.06229685807150596,12,cyber,MT
2017,0.06498194945848375,0.06498194945848375,12,cyber,MT
2018,0.0,0.06520517144463181,12,cyber,MT
2019,0.07258938244853738,0.07258938244853738,12,cyber,MT
2020,0.15167548500881833,0.15167548500881833,12,cyber,MT
2021,0.07639751552795031,0.1546583850931677,12,cyber,MT
2022,0.08501529051987768,0.1602446483180428,12,cyber,MT
2023,0.0922890103217972,0.17304189435336975,12,cyber,MT
2024,0.15745192307692307,0.15745192307692307,12,cyber,MT
2003,0.0,0.0,60,cyber,NC
2004,0.0,0.0,60,cyber,NC
2005,0.04651895742065618,0.04651895742065618,60,cyber,NC
2006,0.053453585569731635,0.09537426937338948,60,cyber,NC
2007,0.10496519721577727,0.10496519721577727,60,cyber,NC
2008,0.31148328230986255,0.31148328230986255,60,cyber,NC
2009,0.3865352944517008,0.446362655460276,60,cyber,NC
2010,0.49836614121768225,0.5200376441063446,60,cyber,NC
2011,0.6103339864218345,0.6103339864218345,60,cyber,NC
2012,0.606259097525473,0.6278114288397427,60,cyber,NC
2013,0.5380848626429166,0.6541476672881241,60,cyber,NC
2014,0.5625334706488156,0.6678475798146241,60,cyber,NC
2015,0.473551219152311,0.6927219742520934,60,cyber,NC
2016,0.45013194587411803,0.7189272145383766,60,cyber,NC
2017,0.3837436565628857,0.6994410917569607,59,cyber,NC
2018,0.385918088520319,0.7346296825850729,59,cyber,NC
2019,0.32939304036096173,0.7188948637122196,59,cyber,NC
2020,0.2926047517542904,0.7338613060322696,59,cyber,NC
2021,0.3066874972876796,0.7356391673537879,59,cyber,NC
2022,0.20016790783725377,0.7271497644626171,59,cyber,NC
2023,0.20712245926423653,0.712565093230304,59,cyber,NC
2024,0.089044983680999,0.7359301830566198,59,cyber,NC
2003,0.0,0.0,8,cyber,ND
2004,0.0,0.0,8,cyber,ND
2005,0.0,0.0,8,cyber,ND
2006,0.0,0.0,8,cyber,ND
2007,0.0,0.0,8,cyber,ND
2008,0.0,0.0,8,cyber,ND
2009,0.0,0.0,8,cyber,ND
2010,0.0,0.0,8,cyber,ND
2011,0.0,0.0,8,cyber,ND
2012,0.0,0.0,8,cyber,ND
2013,0.0,0.0,8,cyber,ND
2014,0.0,0.0,8,cyber,ND
2015,0.0,0.0,8,cyber,ND
2016,0.0,0.0,8,cyber,ND
2017,0.0,0.0,8,cyber,ND
2018,0.0,0.0,8,cyber,ND
2019,0.0,0.0,8,cyber,ND
2020,0.0,0.0,8,cyber,ND
2021,0.39745075318655854,0.39745075318655854,8,cyber,ND
2022,0.3949416342412451,0.3949416342412451,8,cyber,ND
2023,0.3804517133956386,0.3804517133956386,8,cyber,ND
2024,0.40962393853619083,0.40962393853619083,8,cyber,ND
2003,0.0,0.0,9,cyber,NE
2004,0.0,0.0,9,cyber,NE
2005,0.0,0.0,9,cyber,NE
2006,0.0,0.0,9,cyber,NE
2007,0.0,0.0,9,cyber,NE
2008,0.0,0.0,9,cyber,NE
2009,0.0,0.0,9,cyber,NE
2010,0.0,0.0,9,cyber,NE
2011,0.0,0.0,9,cyber,NE
2012,0.0,0.0,9,cyber,NE
2013,0.0,0.0,9,cyber,NE
2014,0.0,0.0,9,cyber,NE
2015,0.0,0.0,9,cyber,NE
2016,0.0,0.0,9,cyber,NE
2017,0.0,0.0,9,cyber,NE
2018,0.0,0.0,9,cyber,NE
2019,0.0,0.0,9,cyber,NE
2020,0.0,0.0,9,cyber,NE
2021,0.0,0.0,9,cyber,NE
2022,0.0,0.0,9,cyber,NE
2023,0.0,0.0,9,cyber,NE
2024,0.21605133059850637,0.21605133059850637,9,cyber,NE
2003,0.0,0.0,4,cyber,NH
2004,0.0,0.0,4,cyber,NH
2005,0.0,0.0,4,cyber,NH
2006,0.0,0.0,4,cyber,NH
2007,0.0,0.0,7,cyber,NH
2008,0.0,0.0,7,cyber,NH
2009,0.0,0.0,7,cyber,NH
2010,0.0,0.0,7,cyber,NH
2011,0.0,0.0,7,cyber,NH
2012,0.0,0.0,7,cyber,NH
2013,0.0,0.0,7,cyber,NH
2014,0.09357720119098256,0.09357720119098256,7,cyber,NH
2015,0.2699360341151386,0.2699360341151386,7,cyber,NH
2016,0.29286858974358976,0.29286858974358976,7,cyber,NH
2017,0.2521920668058455,0.2521920668058455,7,cyber,NH
2018,0.2820037105751391,0.2820037105751391,7,cyber,NH
2019,0.3816334211516748,0.3816334211516748,7,cyber,NH
2020,0.5419624217118998,0.5419624217118998,7,cyber,NH
2021,0.7700729927007299,0.8489963503649635,7,cyber,NH
2022,0.5520421607378129,0.8546332894158981,7,cyber,NH
2023,0.5889447236180905,0.8306532663316583,7,cyber,NH
2024,0.7366393837265286,0.8363023591718826,7,cyber,NH
2003,0.0,0.0,20,cyber,NJ
2004,0.0,0.0,20,cyber,NJ
2005,0.0,0.0,20,cyber,NJ
2006,0.0,0.0,20,cyber,NJ
2007,0.0,0.0,20,cyber,NJ
2008,0.0,0.0,20,cyber,NJ
2009,0.0,0.0,20,cyber,NJ
2010,0.0,0.0,19,cyber,NJ
2011,0.0,0.0,19,cyber,NJ
2012,0.0,0.0,19,cyber,NJ
2013,0.0,0.0,19,cyber,NJ
2014,0.03906705539358601,0.03906705539358601,19,cyber,NJ
2015,0.0,0.03650394520072835,19,cyber,NJ
2016,0.03888440803158297,0.03888440803158297,19,cyber,NJ
2017,0.09055408513038574,0.1247884757235215,19,cyber,NJ
2018,0.2097838354023787,0.24290302977689035,19,cyber,NJ
2019,0.18498791513740936,0.2249127204368454,19,cyber,NJ
2020,0.32028836251287335,0.3622442126001881,19,cyber,NJ
2021,0.330477188824575,0.3684882184039014,19,cyber,NJ
2022,0.365863845190032,0.4043343078565131,19,cyber,NJ
2023,0.499233849043547,0.5442143245514309,19,cyber,NJ
2024,0.4958527981695109,0.5569644389360282,19,cyber,NJ
2003,0.0,0.0,21,cyber,NM
2004,0.0,0.0,21,cyber,NM
2005,0.0,0.0,21,cyber,NM
2006,0.0,0.0,21,cyber,NM
2007,0.0,0.0,21,cyber,NM
2008,0.0,0.0,21,cyber,NM
2009,0.0,0.0,21,cyber,NM
2010,0.0,0.0,21,cyber,NM
2011,0.008893829905503057,0.008893829905503057,21,cyber,NM
2012,0.008531187122736419,0.008531187122736419,21,cyber,NM
2013,0.003471017007983339,0.003471017007983339,21,cyber,NM
2014,0.11383420383018615,0.11778492031605732,21,cyber,NM
2015,0.10456889315265619,0.10456889315265619,21,cyber,NM
2016,0.06743663779274944,0.11267244145011229,21,cyber,NM
2017,0.09269251874885678,0.09269251874885678,21,cyber,NM
2018,0.11083123425692695,0.11871646040959369,21,cyber,NM
2019,0.6374784014268993,0.6374784014268993,21,cyber,NM
2020,0.7938189845474614,0.825551876379691,21,cyber,NM
2021,0.7819633279281527,0.8077834601471873,21,cyber,NM
2022,0.6542408104948695,0.8028315365631901,21,cyber,NM
2023,0.8046350324782561,0.834085654519432,21,cyber,NM
2024,0.7534070975576845,0.7949669410335987,21,cyber,NM
2003,0.0,0.0,4,cyber,NV
2004,0.0,0.0,4,cyber,NV
2005,0.0,0.0,4,cyber,NV
2006,0.0,0.0,4,cyber,NV
2007,0.0,0.0,4,cyber,NV
2008,0.0,0.0,4,cyber,NV
2009,0.0,0.0,4,cyber,NV
2010,0.0,0.0,4,cyber,NV
2011,0.0,0.0,4,cyber,NV
2012,0.5258678611422173,0.5258678611422173,4,cyber,NV
2013,0.5154193305754042,0.5154193305754042,4,cyber,NV
2014,0.5459715639810426,0.5459715639810426,4,cyber,NV
2015,0.5334715981103814,0.5334715981103814,4,cyber,NV
2016,0.5285175321793165,0.5285175321793165,4,cyber,NV
2017,0.5510711967106687,0.5510711967106687,4,cyber,NV
2018,0.8068365043534343,0.8068365043534343,4,cyber,NV
2019,0.8020288642543401,0.8020288642543401,4,cyber,NV
2020,0.7793103448275862,0.7793103448275862,4,cyber,NV
2021,0.9085268000427945,0.9085268000427945,4,cyber,NV
2022,0.5351956434045986,0.9149858814037919,4,cyber,NV
2023,0.5894542470250308,0.9065449322938038,4,cyber,NV
2024,0.6251288394145537,0.9126984126984127,4,cyber,NV
2003,0.0,0.0,38,cyber,NY
2004,0.0,0.0,38,cyber,NY
2005,0.0,0.0,38,cyber,NY
2006,0.0,0.0,38,cyber,NY
2007,0.0,0.0,38,cyber,NY
2008,0.048342050474788,0.048342050474788,38,cyber,NY
2009,0.04840871853433295,0.04840871853433295,38,cyber,NY
2010,0.047223054064638,0.047223054064638,38,cyber,NY
2011,0.0880863989200135,0.0880863989200135,38,cyber,NY
2012,0.05612622895016119,0.12554814681323961,39,cyber,NY
2013,0.11746800969221219,0.2344954642849991,39,cyber,NY
2014,0.24504783070828098,0.263078558314813,39,cyber,NY
2015,0.29347867370579966,0.3096775418739793,39,cyber,NY
2016,0.23988356828948118,0.3055571409546639,39,cyber,NY
2017,0.23051492494281814,0.29836431083860304,39,cyber,NY
2018,0.33833707175859357,0.40825520983109986,39,cyber,NY
2019,0.33371363377067886,0.4157798453882015,39,cyber,NY
2020,0.38769987699877,0.49628946289462894,39,cyber,NY
2021,0.45132724433701954,0.5039464396483497,39,cyber,NY
2022,0.4083493518655429,0.5053723692641333,39,cyber,NY
2023,0.44357712078766287,0.5286534120270895,39,cyber,NY
2024,0.438928859134976,0.5432095335981555,39,cyber,NY
2003,0.0,0.0,35,cyber,OH
2004,0.0,0.0,38,cyber,OH
2005,0.0,0.0,39,cyber,OH
2006,0.0,0.0,38,cyber,OH
2007,0.07951356407857811,0.07951356407857811,38,cyber,OH
2008,0.17399785040404442,0.17399785040404442,38,cyber,OH
2009,0.2191757708693635,0.2191757708693635,38,cyber,OH
2010,0.23327248194301134,0.23327248194301134,38,cyber,OH
2011,0.23462438816769526,0.23462438816769526,38,cyber,OH
2012,0.2618580307491004,0.2712790317304547,38,cyber,OH
2013,0.2952424760152451,0.2985937705348929,38,cyber,OH
2014,0.3057217086580871,0.3092562382937587,38,cyber,OH
2015,0.3140189600689457,0.3219189887963229,38,cyber,OH
2016,0.37438809477188173,0.3919829925312596,38,cyber,OH
2017,0.3654895753738675,0.4129734745115162,38,cyber,OH
2018,0.4248810694448136,0.4444680681425572,38,cyber,OH
2019,0.4503597821859199,0.46786269933877866,38,cyber,OH
2020,0.5553335497889558,0.57706236419491,38,cyber,OH
2021,0.5908784996410624,0.6200870423546303,38,cyber,OH
2022,0.5493008971146852,0.5603935989654893,38,cyber,OH
2023,0.5526691643725031,0.568545465835938,38,cyber,OH
2024,0.597817368176637,0.6122978849157766,38,cyber,OH
2003,0.0,0.0,26,cyber,OK
2004,0.01927023945267959,0.01927023945267959,25,cyber,OK
2005,0.1446332839055549,0.1446332839055549,24,cyber,OK
2006,0.07602275213301248,0.1903303434697003,24,cyber,OK
2007,0.20442525634106853,0.20442525634106853,24,cyber,OK
2008,0.20378680091933896,0.20378680091933896,24,cyber,OK
2009,0.21883164384993206,0.21883164384993206,22,cyber,OK
2010,0.2157596601254299,0.2157596601254299,21,cyber,OK
2011,0.20802785923753667,0.20802785923753667,22,cyber,OK
2012,0.24148430066603235,0.24148430066603235,18,cyber,OK
2013,0.2521363905575768,0.2521363905575768,18,cyber,OK
2014,0.24970074215944457,0.24970074215944457,20,cyber,OK
2015,0.25756847669389715,0.25756847669389715,20,cyber,OK
2016,0.2536905879341241,0.2536905879341241,18,cyber,OK
2017,0.33122971510998916,0.33122971510998916,17,cyber,OK
2018,0.32689772085138447,0.32689772085138447,15,cyber,OK
2019,0.31524291132382154,0.31524291132382154,15,cyber,OK
2020,0.32916858061552595,0.32916858061552595,15,cyber,OK
2021,0.30228310502283107,0.3646575342465753,15,cyber,OK
2022,0.27686553548622517,0.3592410144134282,15,cyber,OK
2023,0.29454545454545455,0.38772727272727275,15,cyber,OK
2024,0.2883821152810199,0.38031962650386064,15,cyber,OK
2003,0.0,0.0,17,cyber,OR
2004,0.0,0.0,17,cyber,OR
2005,0.0,0.0,17,cyber,OR
2006,0.0,0.0,17,cyber,OR
2007,0.0,0.0,17,cyber,OR
2008,0.0,0.0,17,cyber,OR
2009,0.0,0.0,17,cyber,OR
2010,0.0,0.0,17,cyber,OR
2011,0.0,0.0,17,cyber,OR
2012,0.0,0.0,17,cyber,OR
2013,0.0,0.0,17,cyber,OR
2014,0.08046488350108436,0.08046488350108436,17,cyber,OR
2015,0.08763163550397593,0.08763163550397593,17,cyber,OR
2016,0.07493426818580193,0.07493426818580193,17,cyber,OR
2017,0.10323642347778388,0.10323642347778388,17,cyber,OR
2018,0.10240334378265413,0.10240334378265413,17,cyber,OR
2019,0.4020354932746893,0.4020354932746893,17,cyber,OR
2020,0.5494977646170818,0.5494977646170818,17,cyber,OR
2021,0.6742715290501803,0.6742715290501803,17,cyber,OR
2022,0.698571518469574,0.698571518469574,17,cyber,OR
2023,0.7058861873411121,0.7058861873411121,17,cyber,OR
2024,0.657429924484833,0.680084474593626,17,cyber,OR
2003,0.031179564237415476,0.031179564237415476,23,cyber,PA
2004,0.03120805369127517,0.03120805369127517,23,cyber,PA
2005,0.13556577498542652,0.13556577498542652,22,cyber,PA
2006,0.29809038828771484,0.29809038828771484,21,cyber,PA
2007,0.2543356130923302,0.39429653150952615,21,cyber,PA
2008,0.37798036465638146,0.5077138849929874,21,cyber,PA
2009,0.5464364098417466,0.5464364098417466,21,cyber,PA
2010,0.6042562575807696,0.6547028338295292,21,cyber,PA
2011,0.649979398434281,0.649979398434281,21,cyber,PA
2012,0.6411146320607616,0.6529852623107489,21,cyber,PA
2013,0.6408734151740793,0.652847655463876,21,cyber,PA
2014,0.7579112324335254,0.7717622080679406,21,cyber,PA
2015,0.7574544521426738,0.7706954067231203,21,cyber,PA
2016,0.6938033432654916,0.7582950356042624,21,cyber,PA
2017,0.694386149003148,0.7593913955928646,21,cyber,PA
2018,0.6527430120984564,0.7604297037964122,21,cyber,PA
2019,0.6950523311132255,0.7665186594777461,21,cyber,PA
2020,0.7775492049371734,0.795507617035472,20,cyber,PA
2021,0.7436173650759452,0.7958095443283422,20,cyber,PA
2022,0.7369273984442524,0.7776577355229041,22,cyber,PA
2023,0.7900170097952959,0.8658572350284475,22,cyber,PA
2024,0.7840768277571252,0.8617719950433705,22,cyber,PA
2003,0.0,0.0,6,cyber,PR
2004,0.0,0.0,5,cyber,PR
2005,0.0,0.0,5,cyber,PR
2006,0.0,0.0,5,cyber,PR
2007,0.0,0.0,5,cyber,PR
2008,0.0,0.0,5,cyber,PR
2009,0.0,0.0,5,cyber,PR
2010,0.0,0.0,5,cyber,PR
2011,0.0,0.0,5,cyber,PR
2012,0.0,0.0,5,cyber,PR
2013,0.0,0.0,5,cyber,PR
2014,0.0,0.0,5,cyber,PR
2015,0.0,0.0,5,cyber,PR
2016,0.0,0.0,5,cyber,PR
2017,0.0,0.0,5,cyber,PR
2018,0.0,0.0,5,cyber,PR
2019,0.0,0.0,5,cyber,PR
2020,0.0,0.0,5,cyber,PR
2021,0.0,0.0,5,cyber,PR
2022,0.0,0.0,4,cyber,PR
2023,0.0,0.0,4,cyber,PR
2024,0.0,0.0,4,cyber,PR
2003,0.0,0.0,1,cyber,PW
2004,0.0,0.0,1,cyber,PW
2005,0.0,0.0,1,cyber,PW
2006,0.0,0.0,1,cyber,PW
2007,0.0,0.0,1,cyber,PW
2008,0.0,0.0,1,cyber,PW
2009,0.0,0.0,1,cyber,PW
2010,0.0,0.0,1,cyber,PW
2011,0.0,0.0,1,cyber,PW
2012,0.0,0.0,1,cyber,PW
2013,0.0,0.0,1,cyber,PW
2014,0.0,0.0,1,cyber,PW
2015,0.0,0.0,1,cyber,PW
2016,0.0,0.0,1,cyber,PW
2017,0.0,0.0,1,cyber,PW
2018,0.0,0.0,1,cyber,PW
2019,0.0,0.0,1,cyber,PW
2020,0.0,0.0,1,cyber,PW
2021,0.0,0.0,1,cyber,PW
2022,0.0,0.0,1,cyber,PW
2023,0.0,0.0,1,cyber,PW
2024,0.0,0.0,1,cyber,PW
2003,0.0,0.0,1,cyber,RI
2004,0.0,0.0,1,cyber,RI
2005,0.0,0.0,1,cyber,RI
2006,0.0,0.0,1,cyber,RI
2007,0.0,0.0,1,cyber,RI
2008,0.0,0.0,1,cyber,RI
2009,0.0,0.0,1,cyber,RI
2010,0.0,0.0,1,cyber,RI
2011,0.0,0.0,1,cyber,RI
2012,1.0,1.0,1,cyber,RI
2013,1.0,1.0,1,cyber,RI
2014,0.0,1.0,1,cyber,RI
2015,0.0,1.0,1,cyber,RI
2016,0.0,1.0,1,cyber,RI
2017,0.0,1.0,1,cyber,RI
2018,1.0,1.0,1,cyber,RI
2019,0.0,1.0,1,cyber,RI
2020,0.0,1.0,1,cyber,RI
2021,0.0,1.0,1,cyber,RI
2022,0.0,1.0,1,cyber,RI
2023,0.0,1.0,1,cyber,RI
2024,0.0,1.0,1,cyber,RI
2003,0.0,0.0,20,cyber,SC
2004,0.0,0.0,20,cyber,SC
2005,0.0,0.0,20,cyber,SC
2006,0.0,0.0,20,cyber,SC
2007,0.0,0.0,20,cyber,SC
2008,0.0,0.0,20,cyber,SC
2009,0.0,0.0,20,cyber,SC
2010,0.0,0.0,20,cyber,SC
2011,0.0,0.0,20,cyber,SC
2012,0.0,0.0,20,cyber,SC
2013,0.0,0.0,20,cyber,SC
2014,0.0,0.0,20,cyber,SC
2015,0.0,0.0,20,cyber,SC
2016,0.0,0.0,20,cyber,SC
2017,0.17475950526797984,0.17475950526797984,20,cyber,SC
2018,0.3386172204024333,0.3386172204024333,20,cyber,SC
2019,0.35142975549108996,0.35142975549108996,20,cyber,SC
2020,0.3582269056755054,0.3582269056755054,20,cyber,SC
2021,0.4865946597949449,0.4865946597949449,20,cyber,SC
2022,0.5003294169320303,0.5003294169320303,20,cyber,SC
2023,0.559185520361991,0.559185520361991,20,cyber,SC
2024,0.6225895316804407,0.6225895316804407,20,cyber,SC
2003,0.0,0.0,6,cyber,SD
2004,0.0,0.0,6,cyber,SD
2005,0.0,0.0,6,cyber,SD
2006,0.0,0.0,6,cyber,SD
2007,0.0,0.0,6,cyber,SD
2008,0.0,0.0,6,cyber,SD
2009,0.0,0.0,6,cyber,SD
2010,0.3422632794457275,0.3422632794457275,6,cyber,SD
2011,0.33244376667937475,0.33244376667937475,6,cyber,SD
2012,0.35531419705197825,0.35531419705197825,6,cyber,SD
2013,0.3800813008130081,0.3800813008130081,6,cyber,SD
2014,0.39538346984363365,0.39538346984363365,6,cyber,SD
2015,0.37031484257871067,0.37031484257871067,6,cyber,SD
2016,0.3592233009708738,0.3592233009708738,6,cyber,SD
2017,0.33152370611654,0.33152370611654,6,cyber,SD
2018,0.33833760527279383,0.33833760527279383,6,cyber,SD
2019,0.3327389443651926,0.3327389443651926,6,cyber,SD
2020,0.33135474860335196,0.33135474860335196,6,cyber,SD
2021,0.31167909123180687,0.31167909123180687,6,cyber,SD
2022,0.30618517095658854,0.30618517095658854,6,cyber,SD
2023,0.30872034747744737,0.30872034747744737,6,cyber,SD
2024,0.3409013893595391,0.3409013893595391,6,cyber,SD
2003,0.0,0.0,13,cyber,TN
2004,0.0,0.0,14,cyber,TN
2005,0.0,0.0,16,cyber,TN
2006,0.0,0.0,16,cyber,TN
2007,0.0,0.0,16,cyber,TN
2008,0.0,0.0,16,cyber,TN
2009,0.0,0.0,16,cyber,TN
2010,0.0915805022156573,0.0915805022156573,16,cyber,TN
2011,0.10070580134274401,0.10070580134274401,16,cyber,TN
2012,0.07931034482758621,0.1510673234811166,16,cyber,TN
2013,0.11526499523960647,0.20831482069184387,16,cyber,TN
2014,0.08702064896755163,0.21181223547518277,16,cyber,TN
2015,0.09779905496145237,0.20691370305894055,16,cyber,TN
2016,0.10583897485493231,0.21663442940038685,16,cyber,TN
2017,0.10206618909478421,0.21472973773015216,16,cyber,TN
2018,0.07720908615581247,0.1971184569801894,16,cyber,TN
2019,0.08016745813546614,0.2101349662584354,16,cyber,TN
2020,0.07172520170859041,0.20016611295681064,16,cyber,TN
2021,0.07733780626609957,0.21476067812855687,15,cyber,TN
2022,0.07648979069320873,0.2244767330218268,15,cyber,TN
2023,0.07211472485247701,0.2099629477151091,13,cyber,TN
2024,0.06982611660415956,0.2034094783498125,13,cyber,TN
2003,0.0,0.0,69,cyber,TX
2004,0.04139063882019531,0.04139063882019531,69,cyber,TX
2005,0.039092696819692144,0.039092696819692144,68,cyber,TX
2006,0.04044966208923501,0.04044966208923501,68,cyber,TX
2007,0.06280374441436445,0.06280374441436445,68,cyber,TX
2008,0.12012102395133696,0.12012102395133696,68,cyber,TX
2009,0.07624947876332877,0.13599809376303093,68,cyber,TX
2010,0.1839981131086535,0.24840138372032078,67,cyber,TX
2011,0.22797068042393862,0.2481919188223385,67,cyber,TX
2012,0.13157779336958428,0.2550100859498334,67,cyber,TX
2013,0.14755346102115502,0.25079500787188125,67,cyber,TX
2014,0.19513849299180247,0.2463386345318367,67,cyber,TX
2015,0.21717208823907572,0.2704755432286979,64,cyber,TX
2016,0.22149679910578193,0.2782322257223182,65,cyber,TX
2017,0.2597410925413811,0.31821570277744377,65,cyber,TX
2018,0.20111173132384408,0.30450119390951097,65,cyber,TX
2019,0.2727629335707065,0.37415699823478826,65,cyber,TX
2020,0.3087224847655764,0.4168013928615844,59,cyber,TX
2021,0.3203559593402093,0.4238299139889042,59,cyber,TX
2022,0.4733631343676045,0.5854475789790016,59,cyber,TX
2023,0.5244524361773661,0.6279814746258282,59,cyber,TX
2024,0.5846941774064901,0.6832836572771924,59,cyber,TX
2003,0.0,0.0,8,cyber,UT
2004,0.0,0.0,8,cyber,UT
2005,0.0,0.0,8,cyber,UT
2006,0.0,0.0,7,cyber,UT
2007,0.0,0.0,7,cyber,UT
2008,0.0,0.0,7,cyber,UT
2009,0.0,0.0,7,cyber,UT
2010,0.21472073291343502,0.21472073291343502,7,cyber,UT
2011,0.20009654839488294,0.20009654839488294,7,cyber,UT
2012,0.29925141500821617,0.29925141500821617,6,cyber,UT
2013,0.30966442338506617,0.30966442338506617,6,cyber,UT
2014,0.2943371378402107,0.2943371378402107,6,cyber,UT
2015,0.30644106231738694,0.30644106231738694,6,cyber,UT
2016,0.2945443871346501,0.2945443871346501,6,cyber,UT
2017,0.5158121798081738,0.7157659566272485,6,cyber,UT
2018,0.5166641701617735,0.7181321150389455,6,cyber,UT
2019,0.497080590576072,0.7059020417271002,6,cyber,UT
2020,0.47545720091440186,0.7396177292354584,6,cyber,UT
2021,0.6909505318250886,0.7657437109572851,6,cyber,UT
2022,0.7428928459856294,0.8264865146308445,6,cyber,UT
2023,0.6892840430510061,0.8021759475900796,6,cyber,UT
2024,0.6233872667244246,0.7280071182710094,6,cyber,UT
2003,0.0,0.0,25,cyber,VA
2004,0.0,0.0,24,cyber,VA
2005,0.0,0.0,24,cyber,VA
2006,0.0,0.0,24,cyber,VA
2007,0.0,0.0,24,cyber,VA
2008,0.0,0.0,24,cyber,VA
2009,0.0,0.0,24,cyber,VA
2010,0.0,0.0,24,cyber,VA
2011,0.0,0.0,24,cyber,VA
2012,0.0,0.0,24,cyber,VA
2013,0.0,0.0,24,cyber,VA
2014,0.0,0.0,24,cyber,VA
2015,0.23967652583654367,0.23967652583654367,24,cyber,VA
2016,0.2293151900606419,0.2293151900606419,24,cyber,VA
2017,0.27894143114119335,0.27894143114119335,24,cyber,VA
2018,0.2800365463682047,0.2800365463682047,24,cyber,VA
2019,0.3060305482869835,0.3060305482869835,24,cyber,VA
2020,0.3877765398694891,0.3877765398694891,24,cyber,VA
2021,0.5197591034675442,0.5197591034675442,24,cyber,VA
2022,0.5128275026503105,0.5128275026503105,24,cyber,VA
2023,0.49845338046840476,0.49845338046840476,24,cyber,VA
2024,0.4385607177588857,0.45841829532264644,24,cyber,VA
2003,0.0,0.0,1,cyber,VT
2004,0.0,0.0,1,cyber,VT
2005,0.0,0.0,1,cyber,VT
2006,0.0,0.0,1,cyber,VT
2007,0.0,0.0,1,cyber,VT
2008,0.0,0.0,1,cyber,VT
2009,0.0,0.0,1,cyber,VT
2010,0.0,0.0,1,cyber,VT
2011,0.0,0.0,1,cyber,VT
2012,0.0,0.0,1,cyber,VT
2013,0.0,0.0,1,cyber,VT
2014,0.0,0.0,1,cyber,VT
2015,0.0,0.0,1,cyber,VT
2016,0.0,0.0,1,cyber,VT
2017,0.0,0.0,1,cyber,VT
2018,0.0,0.0,1,cyber,VT
2019,0.0,0.0,1,cyber,VT
2020,0.0,0.0,1,cyber,VT
2021,0.0,0.0,1,cyber,VT
2022,1.0,1.0,1,cyber,VT
2023,1.0,1.0,1,cyber,VT
2024,1.0,1.0,1,cyber,VT
2003,0.04145985401459854,0.04145985401459854,34,cyber,WA
2004,0.14928579723609336,0.14928579723609336,34,cyber,WA
2005,0.18913369901633317,0.19106426010480188,35,cyber,WA
2006,0.16293149903318857,0.20743652328272102,35,cyber,WA
2007,0.265585757431251,0.26828803051979017,35,cyber,WA
2008,0.21640593030942112,0.2829173093267021,35,cyber,WA
2009,0.2524161777626619,0.2902530963920302,35,cyber,WA
2010,0.2722453247732302,0.3117628462342842,35,cyber,WA
2011,0.25943730283065436,0.3039895272227826,35,cyber,WA
2012,0.2683410713190027,0.312866872558444,35,cyber,WA
2013,0.2641026142385077,0.3051248460199832,35,cyber,WA
2014,0.290253936728614,0.36913037310256774,35,cyber,WA
2015,0.3641028554116489,0.38771491327728547,35,cyber,WA
2016,0.3244785298803305,0.4075803045459598,35,cyber,WA
2017,0.37148473230445866,0.39927602514450306,35,cyber,WA
2018,0.411151284490961,0.43638439581351096,35,cyber,WA
2019,0.4261226885823305,0.45296937677330984,35,cyber,WA
2020,0.4452234686609687,0.4710648148148148,34,cyber,WA
2021,0.44472875002805645,0.4725158799631899,34,cyber,WA
2022,0.4834736036725325,0.5159143075745983,34,cyber,WA
2023,0.533116720819795,0.5667194312532978,34,cyber,WA
2024,0.48506789662191757,0.5664665412662011,34,cyber,WA
2003,0.0,0.0,18,cyber,WI
2004,0.08435887256847956,0.08435887256847956,18,cyber,WI
2005,0.13480018303843808,0.13480018303843808,18,cyber,WI
2006,0.13610675039246467,0.13610675039246467,18,cyber,WI
2007,0.24260287518064957,0.27047995740473113,18,cyber,WI
2008,0.2532805342029661,0.2532805342029661,18,cyber,WI
2009,0.24939659073766782,0.24939659073766782,18,cyber,WI
2010,0.2483623101164973,0.2483623101164973,18,cyber,WI
2011,0.15005334044539273,0.24323243099079878,18,cyber,WI
2012,0.23779912095067557,0.26749145368712357,18,cyber,WI
2013,0.2599244787391233,0.2599244787391233,18,cyber,WI
2014,0.23923428649423326,0.23923428649423326,18,cyber,WI
2015,0.2322938689217759,0.2322938689217759,18,cyber,WI
2016,0.20690268635474116,0.2391389432485323,17,cyber,WI
2017,0.2184590197482861,0.23650192707800402,18,cyber,WI
2018,0.4083026125981728,0.4256771918576695,18,cyber,WI
2019,0.5064891440437292,0.527407090725868,17,cyber,WI
2020,0.5075110075110075,0.5276159026159026,17,cyber,WI
2021,0.7279120735337411,0.7504824833993,17,cyber,WI
2022,0.8235255762396896,0.8494441365370196,17,cyber,WI
2023,0.8242070278467942,0.852925042754348,17,cyber,WI
2024,0.9403012774907977,0.9654799096786167,17,cyber,WI
2003,0.0,0.0,8,cyber,WV
2004,0.0,0.0,11,cyber,WV
2005,0.0,0.0,13,cyber,WV
2006,0.0,0.0,13,cyber,WV
2007,0.0,0.0,13,cyber,WV
2008,0.0,0.0,13,cyber,WV
2009,0.0,0.0,13,cyber,WV
2010,0.0,0.0,12,cyber,WV
2011,0.0,0.0,12,cyber,WV
2012,0.15007579585649317,0.15007579585649317,13,cyber,WV
2013,0.1797400268937696,0.1797400268937696,12,cyber,WV
2014,0.16681241801486663,0.16681241801486663,11,cyber,WV
2015,0.28318088482359527,0.28318088482359527,11,cyber,WV
2016,0.18494055482166447,0.2860917154180034,11,cyber,WV
2017,0.3110470355018922,0.3110470355018922,11,cyber,WV
2018,0.41471195346218803,0.41471195346218803,11,cyber,WV
2019,0.4220681903334582,0.4220681903334582,11,cyber,WV
2020,0.38518667201926937,0.38518667201926937,11,cyber,WV
2021,0.4923441880526202,0.4923441880526202,11,cyber,WV
2022,0.5149154051647373,0.5149154051647373,11,cyber,WV
2023,0.5505325443786983,0.5505325443786983,11,cyber,WV
2024,0.5138588559072145,0.5138588559072145,11,cyber,WV
2003,0.0,0.0,7,cyber,WY
2004,0.0,0.0,7,cyber,WY
2005,0.0,0.0,7,cyber,WY
2006,0.0,0.0,7,cyber,WY
2007,0.0,0.0,7,cyber,WY
2008,0.0,0.0,7,cyber,WY
2009,0.0,0.0,7,cyber,WY
2010,0.0,0.0,7,cyber,WY
2011,0.0,0.0,7,cyber,WY
2012,0.0,0.0,7,cyber,WY
2013,0.18169285911221394,0.18169285911221394,7,cyber,WY
2014,0.18265440210249673,0.18265440210249673,7,cyber,WY
2015,0.19779643231899266,0.3969045120671563,7,cyber,WY
2016,0.0,0.4114391143911439,7,cyber,WY
2017,0.401494927923118,0.6137213027229045,7,cyber,WY
2018,0.40907938118184123,0.6134922647730154,7,cyber,WY
2019,0.6283378746594005,0.6283378746594005,7,cyber,WY
2020,0.6262743955723856,0.6262743955723856,7,cyber,WY
2021,0.6595258497572122,0.6595258497572122,7,cyber,WY
2022,0.6505813953488372,0.6505813953488372,7,cyber,WY
2023,0.649587750294464,0.649587750294464,7,cyber,WY
2024,0.6603237716557796,0.6603237716557796,7,cyber,WY
2003,0.32797645470944303,0.32797645470944303,1136,net,US
2004,0.38117191021140967,0.40608490407907594,1136,net,US
2005,0.4758004250251045,0.5029237990705495,1130,net,US
2006,0.4732411909339644,0.5208764697182577,1116,net,US
2007,0.4845530947511624,0.5384667880908802,1115,net,US
2008,0.48469457654574966,0.5474539916636435,1110,net,US
2009,0.5028537732643423,0.5674769173184673,1099,net,US
2010,0.508640279685354,0.5877215056138767,1083,net,US
2011,0.5241526891339876,0.60542456483562,1077,net,US
2012,0.5300463045933657,0.6141847932547836,1049,net,US
2013,0.5915185045448412,0.6853722439502431,1044,net,US
2014,0.599538540751265,0.7006089558710237,1042,net,US
2015,0.6112742629572028,0.7104391433711084,1035,net,US
2016,0.6123212380167754,0.716620357835266,1034,net,US
2017,0.6149831394284855,0.7198662503422476,1031,net,US
2018,0.6099493761111667,0.7201498614299664,1028,net,US
2019,0.5997437678214222,0.7149585929059289,1026,net,US
2020,0.6086536992249042,0.7250273997144107,1017,net,US
2021,0.5828895042851705,0.7236537477196068,1017,net,US
2022,0.5678452808387041,0.7285859004223595,1013,net,US
2023,0.5873016194236398,0.7382290425048956,1000,net,US
2024,0.5889782613497591,0.7477489815431317,998,net,US
2003,0.0,0.0,3,net,AK
2004,0.0,0.0,3,net,AK
2005,0.0,0.0,3,net,AK
2006,0.0,0.0,3,net,AK
2007,0.0,0.0,3,net,AK
2008,0.0,0.0,3,net,AK
2009,0.0,0.0,3,net,AK
2010,0.8490990990990991,0.8490990990990991,3,net,AK
2011,0.8142361111111112,0.8142361111111112,3,net,AK
2012,0.0,0.863275039745628,3,net,AK
2013,0.8468834688346883,0.8468834688346883,3,net,AK
2014,0.9007537688442211,0.9007537688442211,2,net,AK
2015,0.0,0.8254189944134078,2,net,AK
2016,0.8547979797979798,0.8547979797979798,2,net,AK
2017,0.0,0.8722826086956522,2,net,AK
2018,0.0,0.8966442953020134,2,net,AK
2019,0.0,0.8534743202416919,2,net,AK
2020,0.0,0.9586206896551724,2,net,AK
2021,0.0,0.9297124600638977,2,net,AK
2022,0.0,0.8990291262135922,2,net,AK
2023,0.0,0.8911819887429644,2,net,AK
2024,0.0,0.876,2,net,AK
2003,0.0,0.0,31,net,AL
2004,0.0,0.0,27,net,AL
2005,0.0,0.0,27,net,AL
2006,0.0,0.0,26,net,AL
2007,0.0,0.0,26,net,AL
2008,0.0,0.0,26,net,AL
2009,0.0,0.0,26,net,AL
2010,0.0,0.0,26,net,AL
2011,0.0,0.0,26,net,AL
2012,0.0,0.0,25,net,AL
2013,0.0,0.0,25,net,AL
2014,0.0,0.0,25,net,AL
2015,0.0,0.0,25,net,AL
2016,0.0,0.0,25,net,AL
2017,0.0,0.0,25,net,AL
2018,0.0,0.0,23,net,AL
2019,0.0,0.0,23,net,AL
2020,0.0,0.0,23,net,AL
2021,0.0,0.0,23,net,AL
2022,0.0,0.0,23,net,AL
2023,0.0,0.0,23,net,AL
2024,0.0,0.0,23,net,AL
2003,0.16524216524216523,0.16524216524216523,26,net,AR
2004,0.3211095933592519,0.3383419144688452,26,net,AR
2005,0.35220968050506984,0.35220968050506984,25,net,AR
2006,0.14085128929706817,0.3533203814906393,25,net,AR
2007,0.14804753820033956,0.3402376910016978,25,net,AR
2008,0.23391992622761854,0.3524936601859679,25,net,AR
2009,0.19963369963369965,0.3746729461015175,25,net,AR
2010,0.21232563457580608,0.3846329750743197,25,net,AR
2011,0.23995941038239693,0.3849070711386456,25,net,AR
2012,0.2671601256722935,0.39815751637467384,25,net,AR
2013,0.23774647887323944,0.3783866837387964,25,net,AR
2014,0.20146172464524703,0.38792653409899863,25,net,AR
2015,0.15269932401148253,0.3836929345309751,25,net,AR
2016,0.1647861819194874,0.3630960672331337,25,net,AR
2017,0.21217915013622676,0.3856412217389226,25,net,AR
2018,0.22994028736704608,0.39652920320955404,25,net,AR
2019,0.2128601286832507,0.3932215892791279,25,net,AR
2020,0.31380397865114024,0.4399158984311823,25,net,AR
2021,0.2501057977147694,0.45268726195514175,25,net,AR
2022,0.3000501175835614,0.4824395697598211,25,net,AR
2023,0.2345161915842544,0.48539848749272835,25,net,AR
2024,0.2887124016243217,0.4583318359866317,25,net,AR
2003,0.0,0.0,1,net,AS
2004,0.0,0.0,1,net,AS
2005,0.0,0.0,1,net,AS
2006,0.0,0.0,1,net,AS
2007,0.0,0.0,1,net,AS
2008,0.0,0.0,1,net,AS
2009,0.0,0.0,1,net,AS
2010,0.0,0.0,1,net,AS
2011,0.0,0.0,1,net,AS
2012,0.0,0.0,1,net,AS
2013,0.0,0.0,1,net,AS
2014,0.0,0.0,1,net,AS
2015,0.0,0.0,1,net,AS
2016,0.0,0.0,1,net,AS
2017,0.0,0.0,1,net,AS
2018,0.0,0.0,1,net,AS
2019,0.0,0.0,1,net,AS
2020,0.0,0.0,1,net,AS
2021,0.0,0.0,1,net,AS
2022,0.0,0.0,1,net,AS
2023,0.0,0.0,1,net,AS
2024,0.0,0.0,1,net,AS
2003,0.6203272643466237,0.6203272643466237,21,net,AZ
2004,0.8362556329373207,0.8676362146661204,21,net,AZ
2005,0.872656458818588,0.8790713658406201,21,net,AZ
2006,0.766449020592667,0.8846954150821554,21,net,AZ
2007,0.7941605839416058,0.9065369018653691,21,net,AZ
2008,0.7981344841988027,0.9211680356397048,21,net,AZ
2009,0.8072006959780499,0.92588502977983,21,net,AZ
2010,0.8779607260948782,0.9737161751805115,21,net,AZ
2011,0.8791317078664339,0.9664677065150065,21,net,AZ
2012,0.8665821778241638,0.9624770140649073,21,net,AZ
2013,0.8669624690510627,0.9634250974431888,21,net,AZ
2014,0.8502559022618458,0.9648576617373051,21,net,AZ
2015,0.8433457094758204,0.9613264764891728,21,net,AZ
2016,0.8970046343393241,0.9642138578049056,21,net,AZ
2017,0.8007121606109588,0.9624007309016797,21,net,AZ
2018,0.80280273415175,0.9550785268500103,21,net,AZ
2019,0.8789620103069276,0.9548273817667715,21,net,AZ
2020,0.9324327444867798,0.9645075626371089,21,net,AZ
2021,0.9399810700963198,0.9748065252491509,21,net,AZ
2022,0.85591161952519,0.9669095562694247,21,net,AZ
2023,0.8821800491549903,0.9667823751488586,21,net,AZ
2024,0.8815128272943665,0.9640967997884158,21,net,AZ
2003,0.0,0.0,112,net,CA
2004,0.0,0.0,113,net,CA
2005,0.4852956483446095,0.4852956483446095,113,net,CA
2006,0.5496502565893987,0.5667506716237909,113,net,CA
2007,0.5746924847234346,0.6085786842314103,113,net,CA
2008,0.544422443315534,0.619820492428546,112,net,CA
2009,0.6231531656708814,0.6810090624179828,113,net,CA
2010,0.5038969240484882,0.6824083914791368,115,net,CA
2011,0.5499162966737026,0.6854137855739136,115,net,CA
2012,0.544375372916869,0.6828159906753438,114,net,CA
2013,0.5447339463229945,0.6888549029847498,114,net,CA
2014,0.5230390716380587,0.6963348371967065,115,net,CA
2015,0.5432273001173449,0.6994703625003964,115,net,CA
2016,0.5484251628562931,0.7037694396208495,116,net,CA
2017,0.5321580748032552,0.7085987118904482,116,net,CA
2018,0.5867352261718459,0.7218458901557493,116,net,CA
2019,0.5509785581815435,0.6942057913159189,116,net,CA
2020,0.5630837290500548,0.7264362346843964,116,net,CA
2021,0.5304285512294818,0.7171902515521164,117,net,CA
2022,0.5055447989971578,0.7219874396495016,117,net,CA
2023,0.5853151637178328,0.7669594425909535,117,net,CA
2024,0.5524370394483739,0.7870290905862508,117,net,CA
2003,0.6891106374733579,0.6891106374733579,15,net,CO
2004,0.2786417833074132,0.6933644375324002,15,net,CO
2005,0.22444530945893343,0.7332035811599844,15,net,CO
2006,0.2162141254738145,0.7259224878161986,15,net,CO
2007,0.2658618258724004,0.7362530842439197,15,net,CO
2008,0.216368163199743,0.7135169865874227,15,net,CO
2009,0.4968461538461538,0.6997692307692308,15,net,CO
2010,0.4135793871866295,0.7036908077994429,15,net,CO
2011,0.5756851085832472,0.767256980351603,15,net,CO
2012,0.5666787134080231,0.762016624503072,15,net,CO
2013,0.5561724363161332,0.7615392989331592,15,net,CO
2014,0.6135043684662391,0.763294783091763,15,net,CO
2015,0.6349602071147761,0.7876114680218621,15,net,CO
2016,0.6250509072808724,0.775012444001991,15,net,CO
2017,0.5960764796151135,0.7833354070756087,15,net,CO
2018,0.5758405779842007,0.7644793775554761,15,net,CO
2019,0.5929445302292434,0.7818030644969711,15,net,CO
2020,0.6322094952847371,0.8009875743716356,15,net,CO
2021,0.6099805344186869,0.7917182799504513,15,net,CO
2022,0.5273182509165698,0.7884735759635161,15,net,CO
2023,0.4073743813812475,0.786660127513487,15,net,CO
2024,0.7670397172669134,0.979384045775833,15,net,CO
2003,0.0,0.0,12,net,CT
2004,0.0,0.0,12,net,CT
2005,0.042485153037916855,0.042485153037916855,12,net,CT
2006,0.045280468574003155,0.045280468574003155,12,net,CT
2007,0.0472204335694355,0.0472204335694355,12,net,CT
2008,0.04617304492512479,0.04617304492512479,12,net,CT
2009,0.044642857142857144,0.044642857142857144,12,net,CT
2010,0.04316033529516675,0.04316033529516675,13,net,CT
2011,0.032288698955365625,0.032288698955365625,14,net,CT
2012,0.4968181145478763,0.4968181145478763,14,net,CT
2013,0.5292692773516351,0.6195666801238057,14,net,CT
2014,0.7001668591965088,0.7001668591965088,14,net,CT
2015,0.643487708814342,0.6997147901670515,14,net,CT
2016,0.6496275366041613,0.711405086051888,14,net,CT
2017,0.6332314531814393,0.6942206168380105,14,net,CT
2018,0.6243378668575519,0.7006442376521117,14,net,CT
2019,0.5313698630136986,0.700958904109589,14,net,CT
2020,0.5951568340646839,0.7376889322281813,14,net,CT
2021,0.5364994126531297,0.7135425406947474,14,net,CT
2022,0.3945151460835275,0.7012009320666787,14,net,CT
2023,0.9950310559006211,0.9950310559006211,3,net,CT
2024,1.0,1.0,1,net,CT
2003,0.0,0.0,3,net,DE
2004,0.0,0.0,3,net,DE
2005,1.0,1.0,3,net,DE
2006,0.5552751135790005,1.0,3,net,DE
2007,0.5288169868554095,1.0,3,net,DE
2008,0.5395719263315082,1.0,3,net,DE
2009,0.5288799598191863,1.0,3,net,DE
2010,0.517515923566879,1.0,3,net,DE
2011,0.5185363505055368,1.0,3,net,DE
2012,0.5966432051976177,1.0,3,net,DE
2013,0.6380397865114023,1.0,3,net,DE
2014,0.6310960888459681,1.0,3,net,DE
2015,1.0,1.0,1,net,DE
2016,1.0,1.0,1,net,DE
2017,1.0,1.0,1,net,DE
2018,1.0,1.0,1,net,DE
2019,1.0,1.0,1,net,DE
2020,1.0,1.0,1,net,DE
2021,0.0,1.0,1,net,DE
2022,0.0,1.0,1,net,DE
2023,0.0,1.0,1,net,DE
2024,0.0,1.0,1,net,DE
2003,0.0,0.0,28,net,FL
2004,0.0,0.0,28,net,FL
2005,0.0,0.0,28,net,FL
2006,0.0,0.0,28,net,FL
2007,0.0,0.0,28,net,FL
2008,0.0,0.0,28,net,FL
2009,0.0,0.0,28,net,FL
2010,0.07272118349482047,0.07272118349482047,28,net,FL
2011,0.08405997046745492,0.08405997046745492,28,net,FL
2012,0.08074581358459741,0.08074581358459741,28,net,FL
2013,0.796927435378224,0.796927435378224,28,net,FL
2014,0.8911758202670614,0.9078647580776958,29,net,FL
2015,0.890343386627907,0.9058684593023256,29,net,FL
2016,0.901824281455601,0.919389182940926,29,net,FL
2017,0.9012874018532928,0.9197319091745066,28,net,FL
2018,0.8956767001715666,0.915887430722107,28,net,FL
2019,0.9059779077322937,0.9253330084470436,28,net,FL
2020,0.9238665174014685,0.928303315662968,28,net,FL
2021,0.9150884156504616,0.9381749397254114,28,net,FL
2022,0.9043631298429406,0.9385274958086929,28,net,FL
2023,0.903826199134361,0.9369467061781945,28,net,FL
2024,0.8846469658576209,0.9372246404322759,28,net,FL
2003,0.0,0.0,4,net,FM
2004,0.0,0.0,4,net,FM
2005,0.0,0.0,1,net,FM
2006,0.0,0.0,1,net,FM
2007,0.0,0.0,1,net,FM
2008,0.0,0.0,1,net,FM
2009,0.0,0.0,1,net,FM
2010,0.0,0.0,1,net,FM
2011,0.0,0.0,1,net,FM
2012,0.0,0.0,1,net,FM
2013,0.0,0.0,1,net,FM
2014,0.0,0.0,1,net,FM
2015,0.0,0.0,1,net,FM
2016,0.0,0.0,1,net,FM
2017,0.0,0.0,1,net,FM
2018,0.0,0.0,1,net,FM
2019,0.0,0.0,1,net,FM
2020,0.0,0.0,1,net,FM
2021,0.0,0.0,1,net,FM
2022,0.0,0.0,1,net,FM
2023,0.0,0.0,1,net,FM
2024,0.0,0.0,1,net,FM
2003,0.8828781204111601,0.8828781204111601,50,net,GA
2004,0.8535675381263617,0.8740196078431373,51,net,GA
2005,0.8578674894106573,0.8672017988809287,51,net,GA
2006,0.8690051847051199,0.8850993735147981,50,net,GA
2007,0.8812144608482445,0.896003964734728,49,net,GA
2008,0.8738736502420256,0.898324438376567,48,net,GA
2009,0.873653438909861,0.9014133136911887,43,net,GA
2010,0.8861275808418485,0.9002354821075649,41,net,GA
2011,0.888473678482023,0.8979066139389762,40,net,GA
2012,0.8628878488472872,0.8718365401282718,34,net,GA
2013,0.8398347865993575,0.8534878384580082,34,net,GA
2014,0.8644139060390803,0.8825599150235677,31,net,GA
2015,0.8881753312945974,0.8881753312945974,29,net,GA
2016,0.8861465862701772,0.8861465862701772,29,net,GA
2017,0.8904707946487316,0.8904707946487316,29,net,GA
2018,0.8842211960806398,0.8842211960806398,29,net,GA
2019,0.8832872438488265,0.8832872438488265,29,net,GA
2020,0.8668559236859273,0.8805388535256466,29,net,GA
2021,0.8744069215740999,0.8744069215740999,29,net,GA
2022,0.8644145887469822,0.8810010873371298,29,net,GA
2023,0.8972017203844316,0.8972017203844316,29,net,GA
2024,0.8941293203241276,0.9093600132297007,29,net,GA
2003,0.0,0.0,1,net,GU
2004,0.0,0.0,1,net,GU
2005,0.0,0.0,1,net,GU
2006,1.0,1.0,1,net,GU
2007,0.0,1.0,1,net,GU
2008,1.0,1.0,1,net,GU
2009,1.0,1.0,1,net,GU
2010,1.0,1.0,1,net,GU
2011,1.0,1.0,1,net,GU
2012,1.0,1.0,1,net,GU
2013,1.0,1.0,1,net,GU
2014,1.0,1.0,1,net,GU
2015,1.0,1.0,1,net,GU
2016,1.0,1.0,1,net,GU
2017,1.0,1.0,1,net,GU
2018,1.0,1.0,1,net,GU
2019,1.0,1.0,1,net,GU
2020,1.0,1.0,1,net,GU
2021,1.0,1.0,1,net,GU
2022,1.0,1.0,1,net,GU
2023,1.0,1.0,1,net,GU
2024,1.0,1.0,1,net,GU
2003,0.0,0.0,7,net,HI
2004,0.0,0.0,7,net,HI
2005,0.0,0.0,7,net,HI
2006,0.0,0.0,7,net,HI
2007,0.0,0.0,7,net,HI
2008,0.0,0.0,7,net,HI
2009,0.18307301126044315,0.18307301126044315,7,net,HI
2010,0.16018457481872117,0.16018457481872117,7,net,HI
2011,0.16801923654944395,0.16801923654944395,7,net,HI
2012,0.1550068587105624,0.1550068587105624,7,net,HI
2013,0.13419386264003896,0.13419386264003896,7,net,HI
2014,0.13208276929027268,0.13208276929027268,7,net,HI
2015,0.14988629315691546,0.14988629315691546,7,net,HI
2016,0.1700902284507583,0.1700902284507583,7,net,HI
2017,0.17584994138335286,0.17584994138335286,7,net,HI
2018,0.15768139440616133,0.15768139440616133,7,net,HI
2019,0.17389635316698657,0.17389635316698657,7,net,HI
2020,0.19136571191365712,0.19136571191365712,7,net,HI
2021,0.1568139390168015,0.1568139390168015,7,net,HI
2022,0.17814938684503903,0.17814938684503903,7,net,HI
2023,0.1817731550272412,0.1817731550272412,7,net,HI
2024,0.16896120150187735,0.16896120150187735,7,net,HI
2003,0.37355885922330095,0.37355885922330095,16,net,IA
2004,0.5245685873062299,0.6349078677976017,16,net,IA
2005,0.5783473861720068,0.7124451939291737,16,net,IA
2006,0.5723553916547156,0.7029297275148535,16,net,IA
2007,0.5300819508295023,0.6784595909121194,16,net,IA
2008,0.5481536588664954,0.7101988367374543,16,net,IA
2009,0.5486577181208053,0.7153243847874721,16,net,IA
2010,0.5361014263074485,0.7180982567353408,16,net,IA
2011,0.5331631205673759,0.715063829787234,16,net,IA
2012,0.5109267825809539,0.7087254745573457,16,net,IA
2013,0.4395945725028609,0.6881368862732277,16,net,IA
2014,0.41466603901877713,0.6721585857000889,16,net,IA
2015,0.5040646169880146,0.7453361125586243,16,net,IA
2016,0.701976460137686,0.9667443926271375,16,net,IA
2017,0.6851706243119987,0.9692823819258793,16,net,IA
2018,0.7131765500168786,0.968211995048948,16,net,IA
2019,0.9127019748653501,0.9632517953321365,16,net,IA
2020,0.9124757367213693,0.9671784012705135,16,net,IA
2021,0.9063089622641509,0.9590801886792453,16,net,IA
2022,0.9086773569885136,0.9563857614011145,16,net,IA
2023,0.8986500738240878,0.9478485551571398,16,net,IA
2024,0.8989646554801857,0.9500688529606773,16,net,IA
2003,0.10826032540675845,0.10826032540675845,3,net,ID
2004,0.09438943894389439,0.09438943894389439,3,net,ID
2005,0.1275841701122268,0.1275841701122268,3,net,ID
2006,0.10053539559785842,0.10053539559785842,3,net,ID
2007,0.12396694214876033,0.12396694214876033,3,net,ID
2008,0.6675094816687737,0.6675094816687737,3,net,ID
2009,0.6324085750315258,0.6324085750315258,4,net,ID
2010,0.6582010582010582,0.6582010582010582,4,net,ID
2011,0.6917409848778596,0.6917409848778596,4,net,ID
2012,0.6560468140442133,0.6560468140442133,4,net,ID
2013,0.6778703152885187,0.6778703152885187,4,net,ID
2014,0.7273968860966948,0.7273968860966948,4,net,ID
2015,0.7409395973154362,0.7409395973154362,4,net,ID
2016,0.7296824206051513,0.7296824206051513,4,net,ID
2017,0.6993957703927492,0.6993957703927492,4,net,ID
2018,0.6955535390199638,0.6955535390199638,4,net,ID
2019,0.700198544010589,0.700198544010589,4,net,ID
2020,0.7458279845956355,0.7458279845956355,4,net,ID
2021,0.7305575935436537,0.7305575935436537,4,net,ID
2022,0.7101449275362319,0.7101449275362319,4,net,ID
2023,0.6745030989527677,0.6745030989527677,4,net,ID
2024,0.6916395222584147,0.6916395222584147,4,net,ID
2003,0.7202521313259568,0.7202521313259568,45,net,IL
2004,0.6804240494154359,0.7221664137474084,46,net,IL
2005,0.8206251244276329,0.8444754130997412,45,net,IL
2006,0.8058102400329659,0.8571546306788915,45,net,IL
2007,0.7608956177845244,0.8393320816522191,45,net,IL
2008,0.7041335167793265,0.8271220912843213,45,net,IL
2009,0.6618938709615422,0.8385962214833464,45,net,IL
2010,0.7212973283952393,0.8543382114990471,45,net,IL
2011,0.7253771881883374,0.8624236100760173,45,net,IL
2012,0.738298410290446,0.8636263076388231,45,net,IL
2013,0.7287911040981289,0.9062774461497238,45,net,IL
2014,0.7305008866536818,0.9132532922468677,45,net,IL
2015,0.7054868853152175,0.9125170892587843,45,net,IL
2016,0.7452025280091927,0.9075553002010917,45,net,IL
2017,0.7395304132912262,0.9043129357560225,45,net,IL
2018,0.7375512503521017,0.9027573471878815,45,net,IL
2019,0.7297644191714053,0.8977416734362307,45,net,IL
2020,0.7450194922798293,0.8945421616477883,45,net,IL
2021,0.782136785667582,0.8911664705113116,45,net,IL
2022,0.7886644605394605,0.8996472277722277,45,net,IL
2023,0.7695279769109021,0.8996369053160785,45,net,IL
2024,0.8151775135258598,0.9329916774921129,45,net,IL
2003,0.0,0.0,16,net,IN
2004,0.0,0.0,16,net,IN
2005,0.18098199248607333,0.18098199248607333,16,net,IN
2006,0.1543396683210265,0.1543396683210265,16,net,IN
2007,0.15678798382437897,0.15678798382437897,16,net,IN
2008,0.4257871064467766,0.4257871064467766,16,net,IN
2009,0.3807080554130323,0.4728578758337609,16,net,IN
2010,0.5706556625401192,0.666116460339294,16,net,IN
2011,0.7395524599881447,0.8595880260818021,16,net,IN
2012,0.9995336364696281,0.9995336364696281,3,net,IN
2013,1.0,1.0,2,net,IN
2014,1.0,1.0,2,net,IN
2015,1.0,1.0,2,net,IN
2016,1.0,1.0,2,net,IN
2017,1.0,1.0,2,net,IN
2018,1.0,1.0,2,net,IN
2019,1.0,1.0,2,net,IN
2020,1.0,1.0,2,net,IN
2021,1.0,1.0,2,net,IN
2022,1.0,1.0,2,net,IN
2023,1.0,1.0,2,net,IN
2024,1.0,1.0,2,net,IN
2003,0.2608991825613079,0.2608991825613079,30,net,KS
2004,0.3180102657004831,0.33582427536231885,29,net,KS
2005,0.31972308561740603,0.3496750494489969,29,net,KS
2006,0.3988648796498906,0.5121033916849015,29,net,KS
2007,0.6072171604849702,0.6412942104885573,28,net,KS
2008,0.6560776527685859,0.6958599897051254,27,net,KS
2009,0.6096779117691955,0.7520225919706915,26,net,KS
2010,0.6468541202672605,0.7794404231625836,26,net,KS
2011,0.6383766076195099,0.7655908760009706,26,net,KS
2012,0.6407704841713222,0.78637104283054,26,net,KS
2013,0.6322677656493652,0.7690465582535085,26,net,KS
2014,0.6568744662681468,0.8471391972672929,26,net,KS
2015,0.6764855543619608,0.8511901396505909,26,net,KS
2016,0.6871119797654633,0.8473787077489078,26,net,KS
2017,0.6959057767807066,0.8465507571508694,26,net,KS
2018,0.6910016977928692,0.8433786078098472,26,net,KS
2019,0.7028319043907508,0.854871395167576,26,net,KS
2020,0.5708335558284829,0.8582260906712234,26,net,KS
2021,0.6094621233455365,0.8554773303294847,26,net,KS
2022,0.5246967544530652,0.8595235493388701,26,net,KS
2023,0.5714659001829109,0.8599947739743925,26,net,KS
2024,0.5704131497112395,0.8489066587689422,26,net,KS
2003,0.0,0.0,26,net,KY
2004,0.0,0.0,23,net,KY
2005,0.0,0.0,23,net,KY
2006,0.0,0.0,16,net,KY
2007,0.0,0.0,16,net,KY
2008,0.0,0.0,16,net,KY
2009,0.0,0.0,16,net,KY
2010,0.0,0.0,16,net,KY
2011,0.0,0.0,16,net,KY
2012,0.0,0.0,16,net,KY
2013,0.0,0.0,16,net,KY
2014,0.0,0.0,16,net,KY
2015,0.0,0.0,16,net,KY
2016,0.0,0.0,16,net,KY
2017,0.0,0.0,16,net,KY
2018,0.0,0.0,16,net,KY
2019,0.0,0.0,16,net,KY
2020,0.0,0.0,16,net,KY
2021,0.0,0.0,16,net,KY
2022,0.0,0.0,16,net,KY
2023,0.0,0.0,16,net,KY
2024,0.0,0.0,16,net,KY
2003,0.0,0.0,50,net,LA
2004,0.38503319251659623,0.38503319251659623,50,net,LA
2005,0.43111179836090924,0.43111179836090924,47,net,LA
2006,0.39375348577802566,0.39375348577802566,45,net,LA
2007,0.3251542247175435,0.3251542247175435,41,net,LA
2008,0.6026173979984604,0.6026173979984604,39,net,LA
2009,0.6541820797369503,0.6541820797369503,35,net,LA
2010,0.8286027483067768,0.8286027483067768,22,net,LA
2011,0.8732899504547808,0.8732899504547808,18,net,LA
2012,0.8504528952290147,0.8504528952290147,18,net,LA
2013,0.8027405710257314,0.836006344730349,17,net,LA
2014,0.7763639415813329,0.8645291253986906,16,net,LA
2015,0.8112745954636005,0.8606227938349701,16,net,LA
2016,0.7783872737246297,0.8635295039573702,16,net,LA
2017,0.8146623456249452,0.8930104230533416,15,net,LA
2018,0.7884571893798905,0.8741688904970827,15,net,LA
2019,0.7536739615087129,0.8435324628054052,14,net,LA
2020,0.7634576834694177,0.8452549748203197,14,net,LA
2021,0.7976685639229422,0.8752189141856392,14,net,LA
2022,0.6644378265999887,0.8675057593976513,14,net,LA
2023,0.6697474422972371,0.8427815944249494,14,net,LA
2024,0.6781704437171148,0.8277333554294237,14,net,LA
2003,0.22628934686763047,0.22628934686763047,16,net,MA
2004,0.3665719696969697,0.3665719696969697,16,net,MA
2005,0.5627321315336534,0.5627321315336534,16,net,MA
2006,0.3567294441892513,0.5749196141479099,16,net,MA
2007,0.6091686814208667,0.6492467918913892,16,net,MA
2008,0.5212936564504633,0.6580541696364932,16,net,MA
2009,0.5739548459095202,0.6618593870718517,16,net,MA
2010,0.6830023828435267,0.6830023828435267,16,net,MA
2011,0.619832843912356,0.6706573300203298,16,net,MA
2012,0.5752826678116502,0.668885072277086,16,net,MA
2013,0.4923313957560053,0.6812101687793263,16,net,MA
2014,0.5224697147323173,0.6750683860883158,16,net,MA
2015,0.7316050815760624,0.787579802669762,16,net,MA
2016,0.5255085247844118,0.8557698637351063,16,net,MA
2017,0.6940785096473719,0.8576180971390552,16,net,MA
2018,0.6332262693911023,0.8540285655709697,16,net,MA
2019,0.6751150390767657,0.8723979256445841,16,net,MA
2020,0.6214314928425357,0.8752556237218814,16,net,MA
2021,0.509332463933491,0.8695900236368083,16,net,MA
2022,0.6819262259001673,0.8836165155383396,16,net,MA
2023,0.7121005455962588,0.9106586126266563,16,net,MA
2024,0.6338259441707718,0.9179947841205448,16,net,MA
2003,0.41878787878787876,0.41878787878787876,16,net,MD
2004,0.45012303615370053,0.45012303615370053,17,net,MD
2005,0.5995227152200813,0.5995227152200813,16,net,MD
2006,0.5467681258549931,0.5797708618331053,16,net,MD
2007,0.5549459415846377,0.5871389381959012,16,net,MD
2008,0.5697380877248344,0.6011360050489113,16,net,MD
2009,0.5487072945521699,0.5807171437365343,16,net,MD
2010,0.388711847602861,0.5826782805750301,16,net,MD
2011,0.5857187402556907,0.6210788899282819,16,net,MD
2012,0.5673424846361496,0.6185744644190454,16,net,MD
2013,0.5490445859872611,0.6062032677928552,16,net,MD
2014,0.5775831156190769,0.6296808565134983,16,net,MD
2015,0.5844574189651701,0.6338332997785383,16,net,MD
2016,0.561231482945859,0.6111550424376615,16,net,MD
2017,0.5574653806778382,0.6124791206422759,16,net,MD
2018,0.5905495200928172,0.6359561227718595,16,net,MD
2019,0.5900461224927599,0.6734956559047517,16,net,MD
2020,0.4670685420852869,0.6824067872292923,16,net,MD
2021,0.43702370872142254,0.6845893310753599,16,net,MD
2022,0.44423270933751824,0.686750364308934,16,net,MD
2023,0.4343683636572347,0.675945589163749,16,net,MD
2024,0.443281586138729,0.6821908250479679,16,net,MD
2003,0.12930474333983105,0.12930474333983105,7,net,ME
2004,0.13200934579439252,0.13200934579439252,7,net,ME
2005,0.2906029331884845,0.2906029331884845,7,net,ME
2006,0.1050796812749004,0.2654382470119522,7,net,ME
2007,0.25435005117707266,0.25435005117707266,7,net,ME
2008,0.2485639686684073,0.2485639686684073,7,net,ME
2009,0.2622327790973872,0.2622327790973872,7,net,ME
2010,0.14711033274956217,0.24430823117338005,7,net,ME
2011,0.1570926143024619,0.2567409144196952,7,net,ME
2012,0.1536189069423929,0.24409158050221566,7,net,ME
2013,0.14797223237120935,0.23492875411033978,7,net,ME
2014,0.7185075729589951,0.7185075729589951,7,net,ME
2015,0.7989877078814173,0.7989877078814173,7,net,ME
2016,0.857646229739253,0.857646229739253,7,net,ME
2017,0.8522058823529411,0.8522058823529411,7,net,ME
2018,0.8541044776119403,0.8541044776119403,7,net,ME
2019,0.847457627118644,0.847457627118644,7,net,ME
2020,0.8106554235339211,0.8106554235339211,7,net,ME
2021,0.8241973375097885,0.8241973375097885,7,net,ME
2022,0.8272569444444444,0.8272569444444444,7,net,ME
2023,0.8389233954451346,0.8389233954451346,7,net,ME
2024,0.8453058321479374,0.8453058321479374,7,net,ME
2003,0.0,0.0,1,net,MH
2004,0.0,0.0,1,net,MH
2005,0.0,0.0,1,net,MH
2006,0.0,0.0,1,net,MH
2007,0.0,0.0,1,net,MH
2008,0.0,0.0,1,net,MH
2009,0.0,0.0,1,net,MH
2010,0.0,0.0,1,net,MH
2011,0.0,0.0,1,net,MH
2012,0.0,0.0,1,net,MH
2013,0.0,0.0,1,net,MH
2014,0.0,0.0,1,net,MH
2015,0.0,0.0,1,net,MH
2016,0.0,0.0,1,net,MH
2017,0.0,0.0,1,net,MH
2018,0.0,0.0,1,net,MH
2019,0.0,0.0,1,net,MH
2020,0.0,0.0,1,net,MH
2021,0.0,0.0,1,net,MH
2022,0.0,0.0,1,net,MH
2023,0.0,0.0,1,net,MH
2024,0.0,0.0,1,net,MH
2003,0.3159597248166203,0.3159597248166203,30,net,MI
2004,0.5097832300048366,0.5804423339049378,30,net,MI
2005,0.6596153043768515,0.6782659490132266,30,net,MI
2006,0.7737125227434538,0.7919863934815283,30,net,MI
2007,0.7420111517015958,0.7860026917900403,30,net,MI
2008,0.7257195519637034,0.797497518786332,30,net,MI
2009,0.7753586497890296,0.8172151898734177,30,net,MI
2010,0.8804761469845039,0.8919231588881785,30,net,MI
2011,0.8984647396243393,0.9535485322235969,31,net,MI
2012,0.872850074609283,0.9520144506400691,31,net,MI
2013,0.9436707061833027,0.9539805172992946,31,net,MI
2014,0.9388714312572181,0.9624526629602772,31,net,MI
2015,0.9157280048708937,0.9588741593557136,31,net,MI
2016,0.9155645090654287,0.9619865113427345,31,net,MI
2017,0.8532580964672689,0.9630218807215536,31,net,MI
2018,0.9305101425351576,0.9667629599060348,31,net,MI
2019,0.8785461563203603,0.9648440012865873,31,net,MI
2020,0.9278777212879676,0.9668882805370878,31,net,MI
2021,0.9337349397590361,0.9611695188396899,31,net,MI
2022,0.8553779602610162,0.9630104846396363,31,net,MI
2023,0.924671031720806,0.9697730595639183,31,net,MI
2024,0.9287563524786653,0.963946687122447,31,net,MI
2003,0.8578074120018607,0.8578074120018607,31,net,MN
2004,0.8475628825447885,0.8892909797614261,31,net,MN
2005,0.80838730129976,0.911507630994973,31,net,MN
2006,0.8442320225939605,0.8908972409298284,31,net,MN
2007,0.8230575585612493,0.89034432734565,31,net,MN
2008,0.8558743766949524,0.919210917679993,31,net,MN
2009,0.8163265306122449,0.8962345501580914,31,net,MN
2010,0.7226642859915382,0.9036991033652914,31,net,MN
2011,0.8107298176369551,0.9061871870774404,31,net,MN
2012,0.7734408296633044,0.9036084671118056,31,net,MN
2013,0.7784830212630911,0.9119856130328996,31,net,MN
2014,0.7837724215246636,0.9060748318385651,31,net,MN
2015,0.7682787579653025,0.9004383218534753,31,net,MN
2016,0.7894522274108665,0.9037135868356683,31,net,MN
2017,0.782608695652174,0.8948496182016519,31,net,MN
2018,0.7810183299389002,0.899877800407332,32,net,MN
2019,0.7783108244305583,0.8941342471275953,32,net,MN
2020,0.7616724738675958,0.8808362369337979,32,net,MN
2021,0.7740985399924265,0.8904363192662095,32,net,MN
2022,0.7633275477312175,0.9085874865691379,28,net,MN
2023,0.7777534006143045,0.9208424747696358,28,net,MN
2024,0.809535929413761,0.9212691948757106,28,net,MN
2003,0.525333064190553,0.525333064190553,24,net,MO
2004,0.6004483867823375,0.6004483867823375,24,net,MO
2005,0.6545030331311246,0.6545030331311246,24,net,MO
2006,0.6201270985488001,0.6665085838945272,24,net,MO
2007,0.6395759717314488,0.6850474242142459,26,net,MO
2008,0.6356631311757773,0.682893663312483,26,net,MO
2009,0.5905707196029777,0.6827497472658763,25,net,MO
2010,0.6406773977196513,0.7368376928236083,25,net,MO
2011,0.5948046340936893,0.7036050946247392,22,net,MO
2012,0.655551510738988,0.7036767382599199,18,net,MO
2013,0.7108886948344193,0.7108886948344193,16,net,MO
2014,0.6735082652246052,0.7254962207337308,16,net,MO
2015,0.6217205269676839,0.6703073978155613,16,net,MO
2016,0.6886418731153551,0.6886418731153551,16,net,MO
2017,0.695864462615448,0.695864462615448,16,net,MO
2018,0.6853575351176369,0.6853575351176369,16,net,MO
2019,0.648395873483732,0.6846729395760118,16,net,MO
2020,0.6790183159040077,0.6790183159040077,15,net,MO
2021,0.6801629278375585,0.6801629278375585,15,net,MO
2022,0.6697528971733399,0.6697528971733399,14,net,MO
2023,0.6771189071716858,0.6771189071716858,14,net,MO
2024,0.6816911675373588,0.6816911675373588,14,net,MO
2003,0.0,0.0,1,net,MP
2004,0.0,0.0,1,net,MP
2005,0.0,0.0,1,net,MP
2006,0.0,0.0,1,net,MP
2007,0.0,0.0,1,net,MP
2008,0.0,0.0,1,net,MP
2009,0.0,0.0,1,net,MP
2010,0.0,0.0,1,net,MP
2011,0.0,0.0,1,net,MP
2012,0.0,0.0,1,net,MP
2013,0.0,0.0,1,net,MP
2014,0.0,0.0,1,net,MP
2015,0.0,0.0,1,net,MP
2016,0.0,0.0,1,net,MP
2017,0.0,0.0,1,net,MP
2018,0.0,0.0,1,net,MP
2019,0.0,0.0,1,net,MP
2020,0.0,0.0,1,net,MP
2021,0.0,0.0,1,net,MP
2022,0.0,0.0,1,net,MP
2023,0.0,0.0,1,net,MP
2024,0.0,0.0,1,net,MP
2003,0.48714524207011684,0.48714524207011684,15,net,MS
2004,0.5144171779141105,0.7164621676891616,15,net,MS
2005,0.5143981570358994,0.7058936456133615,15,net,MS
2006,0.4412613150303392,0.7197851387645479,15,net,MS
2007,0.5377528730173806,0.7362522556748029,15,net,MS
2008,0.6661708654829414,0.723342939481268,15,net,MS
2009,0.7258421006100256,0.7258421006100256,15,net,MS
2010,0.8613845144356955,0.8613845144356955,15,net,MS
2011,0.8749194529963485,0.8749194529963485,15,net,MS
2012,0.8714011516314779,0.8714011516314779,15,net,MS
2013,0.8725572305974316,0.8725572305974316,15,net,MS
2014,0.9387543463673519,0.9387543463673519,15,net,MS
2015,0.9364682884448305,0.9364682884448305,15,net,MS
2016,0.9408172612080811,0.9408172612080811,15,net,MS
2017,0.9364221364221365,0.9364221364221365,15,net,MS
2018,0.9176880086282969,0.9450926561427591,15,net,MS
2019,0.9127292393923006,0.9405083829096809,15,net,MS
2020,0.919581644397738,0.9439523595055798,15,net,MS
2021,0.9182336889109403,0.9427437360456462,15,net,MS
2022,0.8758038791994649,0.9353295261614447,15,net,MS
2023,0.8677931904161412,0.9289281210592686,15,net,MS
2024,0.8202910778316811,0.9266504956760178,15,net,MS
2003,0.0,0.0,13,net,MT
2004,0.03511705685618729,0.03511705685618729,13,net,MT
2005,0.1029678982434888,0.14597213809812234,13,net,MT
2006,0.17001180637544275,0.17001180637544275,13,net,MT
2007,0.21106166560712014,0.21106166560712014,13,net,MT
2008,0.3819796954314721,0.3819796954314721,13,net,MT
2009,0.4063792085056113,0.4063792085056113,13,net,MT
2010,0.3560179977502812,0.3880764904386952,13,net,MT
2011,0.23644251626898047,0.26572668112798264,12,net,MT
2012,0.2340200739566825,0.29212889593238245,12,net,MT
2013,0.2900107411385607,0.3071965628356606,12,net,MT
2014,0.29780724120346763,0.32024477307496174,12,net,MT
2015,0.2897874546397097,0.30793157076205285,12,net,MT
2016,0.2551462621885157,0.35861321776814736,12,net,MT
2017,0.33574007220216606,0.3579164517792677,12,net,MT
2018,0.31871838111298484,0.33895446880269814,12,net,MT
2019,0.35752979414951247,0.3781148429035753,12,net,MT
2020,0.23398001175778954,0.34685479129923574,12,net,MT
2021,0.2720496894409938,0.38944099378881986,12,net,MT
2022,0.1743119266055046,0.38470948012232414,12,net,MT
2023,0.14754098360655737,0.39344262295081966,12,net,MT
2024,0.24879807692307693,0.3876201923076923,12,net,MT
2003,0.5894583636552656,0.5894583636552656,60,net,NC
2004,0.7325405191724865,0.7485175912504941,60,net,NC
2005,0.7808629329635349,0.7913265466923004,60,net,NC
2006,0.7550751052730815,0.8033750235686004,60,net,NC
2007,0.7205877803557618,0.7920494972931168,60,net,NC
2008,0.719250855393481,0.8168857674530284,60,net,NC
2009,0.681696859560452,0.8246635243341474,60,net,NC
2010,0.7410137766972525,0.8457898726897237,60,net,NC
2011,0.7615163803708935,0.8629197612429945,60,net,NC
2012,0.7798281448091281,0.8655679203643706,60,net,NC
2013,0.8094521440283924,0.8723241761944338,60,net,NC
2014,0.7577548918640576,0.878496395468589,60,net,NC
2015,0.8080711202921539,0.8942048766092442,60,net,NC
2016,0.7677939772791076,0.8902696936235519,60,net,NC
2017,0.6692497599780551,0.8929673570154986,59,net,NC
2018,0.5962253360022877,0.8962285133288851,59,net,NC
2019,0.4617714321033438,0.8960844304345139,59,net,NC
2020,0.37265640802228067,0.8920975245445069,59,net,NC
2021,0.19822361093028976,0.8966425089325754,59,net,NC
2022,0.030891932650300834,0.8947933023429362,59,net,NC
2023,0.09039139929447337,0.8831177557534017,59,net,NC
2024,0.11519795657726692,0.8955867745139776,59,net,NC
2003,0.40237859266600595,0.40237859266600595,8,net,ND
2004,0.4023193577163247,0.4023193577163247,8,net,ND
2005,0.5248041775456919,0.5248041775456919,8,net,ND
2006,0.5210884353741496,0.5210884353741496,8,net,ND
2007,0.5498920086393089,0.5498920086393089,8,net,ND
2008,0.47725245316681536,0.5356824264049955,8,net,ND
2009,0.5673758865248227,0.5673758865248227,8,net,ND
2010,0.5559224102352456,0.5559224102352456,8,net,ND
2011,0.5256901840490797,0.5828220858895705,8,net,ND
2012,0.5794892915980231,0.5794892915980231,8,net,ND
2013,0.5533742331288344,0.5533742331288344,8,net,ND
2014,0.5104923325262308,0.5657788539144472,8,net,ND
2015,0.564,0.564,8,net,ND
2016,0.5176561893674816,0.5611175785797439,8,net,ND
2017,0.5731166912850812,0.6225997045790251,8,net,ND
2018,0.5199063231850117,0.5804059328649492,8,net,ND
2019,0.5220101285547332,0.592520451889365,8,net,ND
2020,0.5557912600763683,0.6376750106067034,8,net,ND
2021,0.59675550405562,0.59675550405562,8,net,ND
2022,0.6175097276264592,0.6175097276264592,8,net,ND
2023,0.5062305295950156,0.5841121495327103,8,net,ND
2024,0.5843105539830166,0.5843105539830166,8,net,ND
2003,0.1866611604377452,0.1866611604377452,9,net,NE
2004,0.0,0.1640640442775252,9,net,NE
2005,0.16418703506907545,0.16418703506907545,9,net,NE
2006,0.18697801261291971,0.18697801261291971,9,net,NE
2007,0.21858864027538727,0.21858864027538727,9,net,NE
2008,0.21439108342894608,0.21439108342894608,9,net,NE
2009,0.21134704711347047,0.21134704711347047,9,net,NE
2010,0.22607372336827866,0.22607372336827866,9,net,NE
2011,0.35148514851485146,0.35148514851485146,9,net,NE
2012,0.2690435280641466,0.37800687285223367,9,net,NE
2013,0.0,0.36615384615384616,9,net,NE
2014,0.0,0.34399469143994693,9,net,NE
2015,0.12172309313660915,0.3567382426557766,9,net,NE
2016,0.13235700469743023,0.35230726720088423,9,net,NE
2017,0.12501775820429037,0.3453615570393522,9,net,NE
2018,0.1224935732647815,0.427120822622108,9,net,NE
2019,0.12359272547321538,0.40158357045651366,9,net,NE
2020,0.13307659392383397,0.3956639566395664,9,net,NE
2021,0.12651308082780163,0.3706885331250813,9,net,NE
2022,0.12031811185223192,0.35415597742432015,9,net,NE
2023,0.12807697113582406,0.3807322254154692,9,net,NE
2024,0.3231303250236668,0.6111286420532239,9,net,NE
2003,0.22235722964763063,0.22235722964763063,4,net,NH
2004,0.235874931431706,0.235874931431706,4,net,NH
2005,0.206401766004415,0.206401766004415,4,net,NH
2006,0.21783235451147892,0.21783235451147892,4,net,NH
2007,0.5948186528497409,0.7036269430051814,7,net,NH
2008,0.3742138364779874,0.8375262054507338,7,net,NH
2009,0.5383858267716536,0.781988188976378,7,net,NH
2010,0.2324074074074074,0.8106481481481481,7,net,NH
2011,0.23231441048034934,0.8056768558951966,7,net,NH
2012,0.36104513064133015,0.8040380047505938,7,net,NH
2013,0.3254779902178746,0.9146287238772788,7,net,NH
2014,0.2415993194385368,0.9047213951509996,7,net,NH
2015,0.44349680170575695,0.9270788912579957,7,net,NH
2016,0.3385416666666667,0.9190705128205128,7,net,NH
2017,0.5866388308977035,0.9085594989561586,7,net,NH
2018,0.7116883116883117,0.9194805194805195,7,net,NH
2019,0.6447120812946933,0.9074143771170493,7,net,NH
2020,0.6709812108559499,0.9156576200417537,7,net,NH
2021,0.6382299270072993,0.8978102189781022,7,net,NH
2022,0.6403162055335968,0.9099692577953448,7,net,NH
2023,0.5994974874371859,0.8889447236180904,7,net,NH
2024,0.6417910447761194,0.9037072701011074,7,net,NH
2003,0.06726311508743392,0.06726311508743392,20,net,NJ
2004,0.21770972037283623,0.27851753217931646,20,net,NJ
2005,0.28994799458573767,0.3552041034409062,20,net,NJ
2006,0.2873650182268382,0.34809821858449685,20,net,NJ
2007,0.2874090581372485,0.3422035786851937,20,net,NJ
2008,0.22514836795252224,0.34946834817012856,20,net,NJ
2009,0.24948731470088475,0.33807933438800025,20,net,NJ
2010,0.291015625,0.3427470439189189,19,net,NJ
2011,0.292716133424098,0.34469512788096857,19,net,NJ
2012,0.29736880080811967,0.34696233585069025,19,net,NJ
2013,0.28260556966879163,0.33322149259454537,19,net,NJ
2014,0.2804216191971294,0.31993720565149136,19,net,NJ
2015,0.34574698690713607,0.3864129021069973,19,net,NJ
2016,0.34486564503120093,0.3871036210043724,19,net,NJ
2017,0.302555647155812,0.441706078882284,19,net,NJ
2018,0.3448215990971438,0.4459154440489626,19,net,NJ
2019,0.38143407036075555,0.5451615790887119,19,net,NJ
2020,0.3710652397796982,0.507813549455962,19,net,NJ
2021,0.34747732555489724,0.5286450025067225,19,net,NJ
2022,0.43032159264931086,0.5216019304840132,19,net,NJ
2023,0.39632247540902577,0.4797587860214522,19,net,NJ
2024,0.3854990942892554,0.4750214510439508,19,net,NJ
2003,0.3252032520325203,0.3252032520325203,21,net,NM
2004,0.32134753010996686,0.32134753010996686,21,net,NM
2005,0.1110236220472441,0.4275590551181102,21,net,NM
2006,0.11063892145369285,0.4333235638921454,21,net,NM
2007,0.038799720865317515,0.44256803907885556,21,net,NM
2008,0.0343811394891945,0.45607634016278414,21,net,NM
2009,0.04336381269049598,0.47492380160709335,21,net,NM
2010,0.4511082138200782,0.5437951878629844,21,net,NM
2011,0.03288864183805818,0.5808782657031685,21,net,NM
2012,0.03090543259557344,0.6153722334004024,21,net,NM
2013,0.02042115006363531,0.7001619807937058,21,net,NM
2014,0.020155350207580018,0.6166465782777555,21,net,NM
2015,0.016668665307590837,0.6669264899868089,21,net,NM
2016,0.017901828681424446,0.6228424767404556,21,net,NM
2017,0.5942930309127492,0.722608377537955,21,net,NM
2018,0.5305004928266346,0.6786770342788303,21,net,NM
2019,0.5440610891254668,0.6811771919068056,21,net,NM
2020,0.7528145695364239,0.8109271523178808,21,net,NM
2021,0.7450417862043158,0.8138331046526132,21,net,NM
2022,0.6074814911027406,0.7779581763865437,21,net,NM
2023,0.7709457227788176,0.8168556644280524,21,net,NM
2024,0.7062474699770611,0.7651464039940629,21,net,NM
2003,1.0,1.0,4,net,NV
2004,1.0,1.0,4,net,NV
2005,0.8605429527705467,1.0,4,net,NV
2006,1.0,1.0,4,net,NV
2007,0.8670263408441764,1.0,4,net,NV
2008,1.0,1.0,4,net,NV
2009,1.0,1.0,4,net,NV
2010,0.874768824306473,1.0,4,net,NV
2011,0.49689853788214444,1.0,4,net,NV
2012,0.47413213885778277,1.0,4,net,NV
2013,1.0,1.0,4,net,NV
2014,0.9165876777251185,1.0,4,net,NV
2015,1.0,1.0,4,net,NV
2016,1.0,1.0,4,net,NV
2017,1.0,1.0,4,net,NV
2018,1.0,1.0,4,net,NV
2019,1.0,1.0,4,net,NV
2020,1.0,1.0,4,net,NV
2021,0.8843479191184337,1.0,4,net,NV
2022,0.8942113755546591,1.0,4,net,NV
2023,0.8899261386951169,1.0,4,net,NV
2024,1.0,1.0,4,net,NV
2003,0.0,0.0,38,net,NY
2004,0.0,0.0,38,net,NY
2005,0.01253805273205717,0.01253805273205717,38,net,NY
2006,0.04220183486238532,0.05504587155963303,38,net,NY
2007,0.04493784652776019,0.0576723461353452,38,net,NY
2008,0.059538922459757275,0.059538922459757275,38,net,NY
2009,0.05426741472618043,0.05426741472618043,38,net,NY
2010,0.07449724724148257,0.07449724724148257,38,net,NY
2011,0.07591545730678366,0.10453931825852177,38,net,NY
2012,0.10081896638032879,0.11623715984862137,39,net,NY
2013,0.19796944149628531,0.19796944149628531,39,net,NY
2014,0.20415499082036911,0.20415499082036911,39,net,NY
2015,0.25538379733373845,0.25538379733373845,39,net,NY
2016,0.2278218518729905,0.24865399615699257,39,net,NY
2017,0.26407442289580413,0.26407442289580413,39,net,NY
2018,0.24740706658231246,0.26076954046126416,39,net,NY
2019,0.23797627712099456,0.2575486358361036,39,net,NY
2020,0.2938909389093891,0.313919639196392,39,net,NY
2021,0.1891082543688905,0.31237834484823856,39,net,NY
2022,0.2174330918231554,0.32140568781112916,39,net,NY
2023,0.1743683194168684,0.3183833328800283,39,net,NY
2024,0.2206727964665685,0.36676018778299396,39,net,NY
2003,0.32924058848983123,0.32924058848983123,35,net,OH
2004,0.3407979407979408,0.3407979407979408,38,net,OH
2005,0.2980699812292439,0.3484622419021033,39,net,OH
2006,0.2954248954069009,0.3429753925052859,38,net,OH
2007,0.3764978395474186,0.42808142901688273,38,net,OH
2008,0.35926117590860235,0.4070697822538912,38,net,OH
2009,0.3576580756738516,0.41607963892521194,38,net,OH
2010,0.36923565362330346,0.4288038733232796,38,net,OH
2011,0.5240122011775555,0.5900546215506846,38,net,OH
2012,0.49905135754007196,0.5842983316977429,38,net,OH
2013,0.4363254041266921,0.5631489026153239,38,net,OH
2014,0.5225968219442934,0.5589390369161984,38,net,OH
2015,0.468572249353634,0.510370583165757,38,net,OH
2016,0.44339701809840837,0.5248538420655123,38,net,OH
2017,0.4886475275624932,0.5246697958738129,38,net,OH
2018,0.5076673665187232,0.5416854918011003,38,net,OH
2019,0.5282720731232984,0.5572734344612991,38,net,OH
2020,0.5028097604835285,0.5316566347810885,38,net,OH
2021,0.43981066044508255,0.5398196338837042,38,net,OH
2022,0.646791400630405,0.670310353188394,38,net,OH
2023,0.6078946823704746,0.6708617085135891,38,net,OH
2024,0.6027567864229324,0.6625364123780977,38,net,OH
2003,0.1186046511627907,0.1186046511627907,26,net,OK
2004,0.14070695553021664,0.14070695553021664,25,net,OK
2005,0.1446332839055549,0.1446332839055549,24,net,OK
2006,0.13159046160577553,0.13159046160577553,24,net,OK
2007,0.14743658931462494,0.14743658931462494,24,net,OK
2008,0.1535514939257962,0.1535514939257962,24,net,OK
2009,0.16532553035844916,0.16532553035844916,22,net,OK
2010,0.17519724863443253,0.17519724863443253,21,net,OK
2011,0.38013196480938416,0.4035007331378299,22,net,OK
2012,0.1940057088487155,0.44310180780209324,18,net,OK
2013,0.4344699213131399,0.4442846264489381,18,net,OK
2014,0.20142047721650308,0.4161679035990743,20,net,OK
2015,0.21247797533237225,0.4256767579689252,20,net,OK
2016,0.21401143442273232,0.4147964843416674,18,net,OK
2017,0.20654525784349081,0.4239091236927515,17,net,OK
2018,0.18082501412695423,0.42333772838576,15,net,OK
2019,0.17599783276142314,0.42712660285353077,15,net,OK
2020,0.17859439595774002,0.43610473128158017,15,net,OK
2021,0.2808219178082192,0.5386301369863014,15,net,OK
2022,0.25980660463419086,0.5216201423097975,15,net,OK
2023,0.24545454545454545,0.5026363636363637,15,net,OK
2024,0.24393966600826,0.5,15,net,OK
2003,0.33358218240637055,0.33358218240637055,17,net,OR
2004,0.46954109351520057,0.46954109351520057,17,net,OR
2005,0.4809728849063191,0.4809728849063191,17,net,OR
2006,0.2082250059087686,0.4643110375797684,17,net,OR
2007,0.1350451735615787,0.4711126961483595,17,net,OR
2008,0.2020460358056266,0.4790746338060916,17,net,OR
2009,0.5615274252290035,0.5871316631718353,17,net,OR
2010,0.5760036917397323,0.5951084448546378,17,net,OR
2011,0.5603987943426849,0.5786382255197465,17,net,OR
2012,0.6152090744345258,0.6606483656621249,17,net,OR
2013,0.5747081053640928,0.6714986744881268,17,net,OR
2014,0.5652560751821164,0.6639047989768114,17,net,OR
2015,0.5757575757575758,0.6784869976359338,17,net,OR
2016,0.5352760736196319,0.6694785276073619,17,net,OR
2017,0.5629182665935272,0.689522764673615,17,net,OR
2018,0.553448275862069,0.6783176593521422,17,net,OR
2019,0.5595560783511482,0.6835268245282053,17,net,OR
2020,0.6163850664808687,0.6746211461417871,17,net,OR
2021,0.5066493291565696,0.6883976594361368,17,net,OR
2022,0.6294128752123843,0.6806368384620225,17,net,OR
2023,0.5219998696304022,0.704061012971775,17,net,OR
2024,0.5373096121848202,0.6889159093817996,17,net,OR
2003,0.7411720510894064,0.7411720510894064,23,net,PA
2004,0.7822818791946309,0.7822818791946309,23,net,PA
2005,0.8554958222682816,0.8554958222682816,22,net,PA
2006,0.9137492043284532,0.9137492043284532,21,net,PA
2007,0.8626038104543234,0.9167684416218856,21,net,PA
2008,0.9273024777933614,0.9273024777933614,21,net,PA
2009,0.8004505024835393,0.9286126833776135,21,net,PA
2010,0.8095159333994928,0.9219869886426287,21,net,PA
2011,0.7887824474660075,0.9441697569015245,21,net,PA
2012,0.6785875961973744,0.9475881494894624,21,net,PA
2013,0.6365969007848662,0.9509961762930167,21,net,PA
2014,0.7637751491254676,0.9518754423213022,21,net,PA
2015,0.7976392096484475,0.9536053374390557,21,net,PA
2016,0.6089086409777283,0.9488409676278976,21,net,PA
2017,0.6083945435466946,0.9466946484784889,21,net,PA
2018,0.6281810596579057,0.94863370880267,21,net,PA
2019,0.6252246537688974,0.9521619621524474,21,net,PA
2020,0.7501945957967308,0.952574224396753,20,net,PA
2021,0.7390391037380157,0.9606808143918991,20,net,PA
2022,0.7382778738115817,0.9514369057908384,22,net,PA
2023,0.6422664085870139,0.9455100005865447,22,net,PA
2024,0.6330235439900868,0.9457868649318464,22,net,PA
2003,0.1073729420186113,0.1073729420186113,6,net,PR
2004,0.20698254364089774,0.20698254364089774,5,net,PR
2005,0.17683686176836863,0.17683686176836863,5,net,PR
2006,0.16060961313012895,0.16060961313012895,5,net,PR
2007,0.1632420091324201,0.1632420091324201,5,net,PR
2008,0.201765447667087,0.201765447667087,5,net,PR
2009,0.2022857142857143,0.2022857142857143,5,net,PR
2010,0.18502673796791444,0.18502673796791444,5,net,PR
2011,0.18223234624145787,0.18223234624145787,5,net,PR
2012,0.10136054421768707,0.10136054421768707,5,net,PR
2013,0.167458432304038,0.167458432304038,5,net,PR
2014,0.1838074398249453,0.1838074398249453,5,net,PR
2015,0.1965909090909091,0.1965909090909091,5,net,PR
2016,0.0,0.2007125890736342,5,net,PR
2017,0.0,0.19365798414496035,5,net,PR
2018,0.0,0.25060827250608275,5,net,PR
2019,0.0,0.16594516594516595,5,net,PR
2020,0.12419354838709677,0.12419354838709677,5,net,PR
2021,0.18181818181818182,0.18181818181818182,5,net,PR
2022,0.20606060606060606,0.20606060606060606,4,net,PR
2023,0.19377162629757785,0.19377162629757785,4,net,PR
2024,0.18688524590163935,0.18688524590163935,4,net,PR
2003,0.0,0.0,1,net,PW
2004,0.0,0.0,1,net,PW
2005,0.0,0.0,1,net,PW
2006,0.0,0.0,1,net,PW
2007,0.0,0.0,1,net,PW
2008,0.0,0.0,1,net,PW
2009,0.0,0.0,1,net,PW
2010,0.0,0.0,1,net,PW
2011,0.0,0.0,1,net,PW
2012,0.0,0.0,1,net,PW
2013,0.0,0.0,1,net,PW
2014,0.0,0.0,1,net,PW
2015,0.0,0.0,1,net,PW
2016,0.0,0.0,1,net,PW
2017,0.0,0.0,1,net,PW
2018,0.0,0.0,1,net,PW
2019,0.0,0.0,1,net,PW
2020,0.0,0.0,1,net,PW
2021,0.0,0.0,1,net,PW
2022,0.0,0.0,1,net,PW
2023,0.0,0.0,1,net,PW
2024,0.0,0.0,1,net,PW
2003,0.0,0.0,1,net,RI
2004,0.0,0.0,1,net,RI
2005,1.0,1.0,1,net,RI
2006,1.0,1.0,1,net,RI
2007,1.0,1.0,1,net,RI
2008,1.0,1.0,1,net,RI
2009,1.0,1.0,1,net,RI
2010,1.0,1.0,1,net,RI
2011,1.0,1.0,1,net,RI
2012,1.0,1.0,1,net,RI
2013,1.0,1.0,1,net,RI
2014,1.0,1.0,1,net,RI
2015,1.0,1.0,1,net,RI
2016,1.0,1.0,1,net,RI
2017,1.0,1.0,1,net,RI
2018,1.0,1.0,1,net,RI
2019,1.0,1.0,1,net,RI
2020,1.0,1.0,1,net,RI
2021,1.0,1.0,1,net,RI
2022,1.0,1.0,1,net,RI
2023,1.0,1.0,1,net,RI
2024,1.0,1.0,1,net,RI
2003,0.27893076539930267,0.27893076539930267,20,net,SC
2004,0.2564601902479215,0.2564601902479215,20,net,SC
2005,0.248247361818316,0.248247361818316,20,net,SC
2006,0.2476211551228148,0.2476211551228148,20,net,SC
2007,0.11637994412586385,0.25430083811204235,20,net,SC
2008,0.12273120138288678,0.23948429847306252,20,net,SC
2009,0.15546632854325163,0.2893068469991547,20,net,SC
2010,0.1506971022416621,0.2808911973756151,20,net,SC
2011,0.14480988479675283,0.27917387930519905,20,net,SC
2012,0.14582516660133282,0.29394635157081256,20,net,SC
2013,0.13684387053496563,0.33635194812454583,20,net,SC
2014,0.14040211164775918,0.3256205773334831,20,net,SC
2015,0.14316641030023358,0.33293454110408477,20,net,SC
2016,0.195343618513324,0.3666199158485273,20,net,SC
2017,0.20132844709115896,0.3669262482821805,20,net,SC
2018,0.19127281235376697,0.33896817969115584,20,net,SC
2019,0.18572020602687822,0.3084482860695045,20,net,SC
2020,0.15256858140999943,0.2974629173586851,20,net,SC
2021,0.0393661933220023,0.27770162837874884,20,net,SC
2022,0.03826726693752059,0.2826946305040079,20,net,SC
2023,0.027149321266968326,0.273710407239819,20,net,SC
2024,0.028767556338346205,0.2604434810097999,20,net,SC
2003,0.0,0.0,6,net,SD
2004,0.4211000901713255,0.4211000901713255,6,net,SD
2005,0.5834923664122137,0.5834923664122137,6,net,SD
2006,0.5447075882068633,0.5447075882068633,6,net,SD
2007,0.5450664136622391,0.5450664136622391,6,net,SD
2008,0.5007556675062972,0.5007556675062972,6,net,SD
2009,0.5029875067897882,0.5029875067897882,6,net,SD
2010,0.49653579676674364,0.49653579676674364,6,net,SD
2011,0.6820434616850934,0.6820434616850934,6,net,SD
2012,0.6640806826997673,0.6640806826997673,6,net,SD
2013,0.6743902439024391,0.6743902439024391,6,net,SD
2014,0.6947133283693224,0.6947133283693224,6,net,SD
2015,0.6630434782608695,0.6630434782608695,6,net,SD
2016,0.662621359223301,0.662621359223301,6,net,SD
2017,0.6384364820846905,0.6384364820846905,6,net,SD
2018,0.6510435737824972,0.6510435737824972,6,net,SD
2019,0.6340941512125535,0.6340941512125535,6,net,SD
2020,0.6330307262569832,0.6330307262569832,6,net,SD
2021,0.630457933972311,0.630457933972311,6,net,SD
2022,0.6292739147137918,0.6292739147137918,6,net,SD
2023,0.6261276311393251,0.6261276311393251,6,net,SD
2024,0.6286004744154524,0.6286004744154524,6,net,SD
2003,0.24939336748449717,0.24939336748449717,13,net,TN
2004,0.06269470404984423,0.25908618899273106,14,net,TN
2005,0.23265211869299157,0.3344879344186584,16,net,TN
2006,0.22828305738262644,0.33136765706509413,16,net,TN
2007,0.22446434644598118,0.32626686316744136,16,net,TN
2008,0.232046783625731,0.33801169590643276,16,net,TN
2009,0.243679212904702,0.33634595584029287,16,net,TN
2010,0.23042836041358936,0.33175775480059083,16,net,TN
2011,0.0616285074883801,0.35677397142365297,16,net,TN
2012,0.3749315818281336,0.5218390804597701,16,net,TN
2013,0.28619485877499207,0.48575055537924466,16,net,TN
2014,0.2892779274079774,0.4869821726304989,16,net,TN
2015,0.31944789853270333,0.4995647848793832,16,net,TN
2016,0.30941731141199225,0.5016924564796905,16,net,TN
2017,0.3701379432834054,0.5670475401101178,16,net,TN
2018,0.34404229361529076,0.5406378899668854,16,net,TN
2019,0.3898400399900025,0.560484878780305,16,net,TN
2020,0.1986236355007119,0.5627076411960132,16,net,TN
2021,0.33229497394117297,0.5601150182711316,15,net,TN
2022,0.18178326825833707,0.5569352877168278,15,net,TN
2023,0.19033895979140936,0.5756141073143956,13,net,TN
2024,0.18506648482782134,0.5757927037163314,13,net,TN
2003,0.39408647032557415,0.39408647032557415,69,net,TX
2004,0.570190797667828,0.5818697088395097,69,net,TX
2005,0.6073947243507154,0.6245338034854546,68,net,TX
2006,0.6092024641748169,0.6264384039320525,68,net,TX
2007,0.5997423268860693,0.6282820705176294,68,net,TX
2008,0.6245881383855024,0.6542421746293245,68,net,TX
2009,0.659096324536844,0.6963573002918926,68,net,TX
2010,0.6366685885004455,0.6905367157607841,67,net,TX
2011,0.6399814618321076,0.6900467113046236,67,net,TX
2012,0.659193562532889,0.6918961585686721,67,net,TX
2013,0.6333892879857368,0.6908905130798344,67,net,TX
2014,0.6319074485443,0.6925927382099117,67,net,TX
2015,0.6085539004096027,0.7051227889719524,64,net,TX
2016,0.595501812146462,0.7136215831724418,65,net,TX
2017,0.6527433770189571,0.7082842371047252,65,net,TX
2018,0.5543306354079449,0.7038484200080628,65,net,TX
2019,0.5382537982227185,0.6975981050376427,65,net,TX
2020,0.5609532396468101,0.6985760477552543,59,net,TX
2021,0.5578508396321257,0.702565439177868,59,net,TX
2022,0.5479433529919988,0.7034596746929116,59,net,TX
2023,0.5614125220045483,0.7179338012526537,59,net,TX
2024,0.5828190812028602,0.7081286819752879,59,net,TX
2003,0.42253348828674536,0.42253348828674536,8,net,UT
2004,0.4624277456647399,0.4624277456647399,8,net,UT
2005,0.4604124688870452,0.4604124688870452,8,net,UT
2006,0.43365989356555396,0.43365989356555396,7,net,UT
2007,0.6307866913565497,0.6557553312227465,7,net,UT
2008,0.6292708700246565,0.6509334272631209,7,net,UT
2009,0.6331773033451307,0.6549834455988126,7,net,UT
2010,0.6266722190411743,0.646608713757743,7,net,UT
2011,0.6040550325850833,0.6236543567463191,7,net,UT
2012,0.6049844805550484,0.6049844805550484,6,net,UT
2013,0.6132857208258938,0.6132857208258938,6,net,UT
2014,0.6309043020193152,0.6309043020193152,6,net,UT
2015,0.6188129606209934,0.6188129606209934,6,net,UT
2016,0.6611733132050153,0.6611733132050153,6,net,UT
2017,0.6805207811717576,0.6805207811717576,6,net,UT
2018,0.6816207309766327,0.6816207309766327,6,net,UT
2019,0.6625013946223363,0.6625013946223363,6,net,UT
2020,0.7045656591313183,0.7045656591313183,6,net,UT
2021,0.7300354550059092,0.7300354550059092,6,net,UT
2022,0.7428928459856294,0.7428928459856294,6,net,UT
2023,0.6892840430510061,0.6892840430510061,6,net,UT
2024,0.6233872667244246,0.6233872667244246,6,net,UT
2003,0.0,0.0,25,net,VA
2004,0.0,0.0,24,net,VA
2005,0.0,0.0,24,net,VA
2006,0.0,0.0,24,net,VA
2007,0.0,0.0,24,net,VA
2008,0.0,0.0,24,net,VA
2009,0.0,0.0,24,net,VA
2010,0.0,0.0,24,net,VA
2011,0.0,0.0,24,net,VA
2012,0.0,0.0,24,net,VA
2013,0.0,0.0,24,net,VA
2014,0.0,0.0,24,net,VA
2015,0.0,0.0,24,net,VA
2016,0.0,0.0,24,net,VA
2017,0.0,0.0,24,net,VA
2018,0.0,0.0,24,net,VA
2019,0.0,0.0,24,net,VA
2020,0.0,0.0,24,net,VA
2021,0.0,0.0,24,net,VA
2022,0.0,0.0,24,net,VA
2023,0.0,0.0,24,net,VA
2024,0.0,0.0,24,net,VA
2003,1.0,1.0,1,net,VT
2004,1.0,1.0,1,net,VT
2005,1.0,1.0,1,net,VT
2006,1.0,1.0,1,net,VT
2007,1.0,1.0,1,net,VT
2008,1.0,1.0,1,net,VT
2009,1.0,1.0,1,net,VT
2010,1.0,1.0,1,net,VT
2011,1.0,1.0,1,net,VT
2012,1.0,1.0,1,net,VT
2013,1.0,1.0,1,net,VT
2014,1.0,1.0,1,net,VT
2015,1.0,1.0,1,net,VT
2016,1.0,1.0,1,net,VT
2017,1.0,1.0,1,net,VT
2018,1.0,1.0,1,net,VT
2019,0.0,1.0,1,net,VT
2020,0.0,1.0,1,net,VT
2021,1.0,1.0,1,net,VT
2022,0.0,1.0,1,net,VT
2023,0.0,1.0,1,net,VT
2024,0.0,1.0,1,net,VT
2003,0.9336577453365774,0.9336577453365774,34,net,WA
2004,0.930612007896876,0.9617349901289048,34,net,WA
2005,0.9203873379707658,0.9570373548248705,35,net,WA
2006,0.9254762734966875,0.9615494341775763,35,net,WA
2007,0.9332061675409314,0.9812430456207281,35,net,WA
2008,0.9341496427334823,0.9816487771097611,35,net,WA
2009,0.8782416461185273,0.9845818099367968,35,net,WA
2010,0.8874297804041731,0.9852143673548795,35,net,WA
2011,0.8090220400454965,0.9864154344700302,35,net,WA
2012,0.862086597263412,0.9819606078579756,35,net,WA
2013,0.893866218250787,0.9862346753221359,35,net,WA
2014,0.8520357497517378,0.9981962993737713,35,net,WA
2015,0.8577974702719079,0.9981064909490267,35,net,WA
2016,0.8635841576821903,0.9975547404690452,35,net,WA
2017,0.8490940583461456,0.9971002082400794,35,net,WA
2018,0.8391056137012369,0.9972216936251189,35,net,WA
2019,0.8429116524801878,0.9975540553761862,35,net,WA
2020,0.844284188034188,0.9970619658119658,34,net,WA
2021,0.8478441406863735,0.9972392431486096,34,net,WA
2022,0.8006120887528692,0.9969395562356542,34,net,WA
2023,0.8164625510289094,0.9958343747396484,34,net,WA
2024,0.7888118735344894,0.9952588317142931,34,net,WA
2003,0.7687127024722933,0.7687127024722933,18,net,WI
2004,0.8233822945613338,0.8233822945613338,18,net,WI
2005,0.8258084197681513,0.8258084197681513,18,net,WI
2006,0.9481554160125588,0.9481554160125588,18,net,WI
2007,0.9482771734996577,0.9482771734996577,18,net,WI
2008,0.945220902243963,0.945220902243963,18,net,WI
2009,0.9440337909186906,0.9440337909186906,18,net,WI
2010,0.8593888318402323,0.9460713147551433,18,net,WI
2011,0.9237231630884117,0.9442592345646086,18,net,WI
2012,0.8668728634217809,0.9418525150577893,18,net,WI
2013,0.8659661796092596,0.9415202758167789,18,net,WI
2014,0.8550808708114379,0.9391592165426875,18,net,WI
2015,0.8821022727272727,0.9408364164904862,18,net,WI
2016,0.936559331079879,0.9974025974025974,17,net,WI
2017,0.9350932842184249,0.9982946212353764,18,net,WI
2018,0.9389645776566757,0.9983971790351018,18,net,WI
2019,0.9446666870247656,0.998839588359239,17,net,WI
2020,0.9984459984459985,0.9984459984459985,17,net,WI
2021,0.9980373556638644,0.9980373556638644,17,net,WI
2022,0.9980764842043491,0.9980764842043491,17,net,WI
2023,0.9984834306734213,0.9984834306734213,17,net,WI
2024,0.9984534009712642,0.9984534009712642,17,net,WI
2003,0.0,0.0,8,net,WV
2004,0.0,0.0,11,net,WV
2005,0.0,0.0,13,net,WV
2006,0.0,0.0,13,net,WV
2007,0.0,0.0,13,net,WV
2008,0.0,0.0,13,net,WV
2009,0.0,0.0,13,net,WV
2010,0.09309400669303317,0.09309400669303317,12,net,WV
2011,0.1882607519610495,0.1882607519610495,12,net,WV
2012,0.2463365336028297,0.2463365336028297,13,net,WV
2013,0.27722994173016585,0.27722994173016585,12,net,WV
2014,0.2509838216003498,0.2509838216003498,11,net,WV
2015,0.3599029307448199,0.3599029307448199,11,net,WV
2016,0.5827514625401019,0.5827514625401019,11,net,WV
2017,0.45864119661200214,0.6215534330510002,11,net,WV
2018,0.3978232313754926,0.5695252392568962,11,net,WV
2019,0.619145747470963,0.619145747470963,11,net,WV
2020,0.5820955439582497,0.5820955439582497,11,net,WV
2021,0.49191287470347206,0.49191287470347206,11,net,WV
2022,0.5171415850400712,0.5171415850400712,11,net,WV
2023,0.4537278106508876,0.527810650887574,11,net,WV
2024,0.4503636721053666,0.5242775702771771,11,net,WV
2003,0.04984423676012461,0.04984423676012461,7,net,WY
2004,0.05079236082893133,0.05079236082893133,7,net,WY
2005,0.3022888713496448,0.3022888713496448,7,net,WY
2006,0.30150569225119356,0.30150569225119356,7,net,WY
2007,0.2900907715582451,0.2900907715582451,7,net,WY
2008,0.2781128059595601,0.2781128059595601,7,net,WY
2009,0.29496151154653605,0.29496151154653605,7,net,WY
2010,0.506137865911237,0.506137865911237,7,net,WY
2011,0.27851538925769465,0.4818949909474955,7,net,WY
2012,0.1958644457208501,0.4816197587593337,7,net,WY
2013,0.0,0.45850565205403915,7,net,WY
2014,0.2204993429697766,0.49434954007884363,7,net,WY
2015,0.0,0.4900314795383001,7,net,WY
2016,0.0,0.4768054823405377,7,net,WY
2017,0.0,0.4554191137213027,7,net,WY
2018,0.0,0.46867867106264266,7,net,WY
2019,0.0,0.4787465940054496,7,net,WY
2020,0.0,0.5097582289542674,7,net,WY
2021,0.0,0.48671808054841476,7,net,WY
2022,0.0,0.5183139534883721,7,net,WY
2023,0.2308598351001178,0.5058892815076561,7,net,WY
2024,0.2397046293666572,0.4995739846634479,7,net,WY
